Target,MAJORAXIS,MINORAXIS
0,110,39
0,106,43
0,97,36
0,104,49
0,104,41
0,102,42
0,103,48
0,109,50
0,112,44
0,108,46
0,110,44
0,97,44
0,116,43
0,94,40
0,106,44
0,102,44
0,17,16
0,100,37
0,99,38
0,99,44
0,104,41
0,104,36
0,107,47
0,110,45
0,104,47
0,105,47
0,94,39
0,104,45
0,107,46
0,112,42
0,99,41
0,99,38
0,102,41
0,108,44
0,90,43
0,96,40
0,108,53
0,98,32
0,103,45
0,104,42
0,98,48
0,92,43
0,106,52
0,100,35
0,105,43
0,107,46
0,109,39
0,106,44
0,99,37
0,104,50
0,105,41
0,102,42
0,103,48
0,109,51
0,112,44
0,108,46
0,110,44
0,98,43
0,116,43
0,93,40
0,106,44
0,101,44
0,87,33
0,101,38
0,98,39
0,100,44
0,104,41
0,106,36
0,107,49
0,111,45
0,103,47
0,105,47
0,94,39
0,104,45
0,108,47
0,113,42
0,100,42
0,100,39
0,95,28
0,102,41
0,109,44
0,96,40
0,90,43
0,108,53
0,98,32
0,103,45
0,107,48
0,98,48
0,92,43
0,107,52
0,101,36
0,105,43
0,107,46
0,109,40
0,105,44
0,100,37
0,104,50
0,105,41
0,102,42
0,103,48
0,109,51
0,111,44
0,107,46
0,111,44
0,98,44
0,115,44
0,93,40
0,106,44
0,102,44
0,90,36
0,99,38
0,97,39
0,100,45
0,104,41
0,105,37
0,109,49
0,110,45
0,104,47
0,105,47
0,94,39
0,103,37
0,103,45
0,107,46
0,113,43
0,98,42
0,99,39
0,97,31
0,101,41
0,108,44
0,97,40
0,90,43
0,108,53
0,98,33
0,103,46
0,109,50
0,98,48
0,92,43
0,107,53
0,101,36
0,104,43
0,108,46
0,110,40
0,107,43
0,103,37
0,104,49
0,107,40
0,102,42
0,102,48
0,109,51
0,111,44
0,107,46
0,110,44
0,97,44
0,116,44
0,93,40
0,107,44
0,101,44
0,91,37
0,101,38
0,98,39
0,50,29
0,99,45
0,102,41
0,106,38
0,109,50
0,110,45
0,103,48
0,105,47
0,94,40
0,109,43
0,103,45
0,107,47
0,114,43
0,100,42
0,99,39
0,99,33
0,101,41
0,109,44
0,96,40
0,90,43
0,108,53
0,98,33
0,104,45
0,111,50
0,98,48
0,92,43
0,107,52
0,101,36
0,104,43
0,107,46
0,110,40
0,106,44
0,103,37
0,105,49
0,85,26
0,105,41
0,102,43
0,103,48
0,108,51
0,112,44
0,107,46
0,93,35
0,110,45
0,98,44
0,116,44
0,93,39
0,106,44
0,101,44
0,91,38
0,100,38
0,98,40
0,103,40
0,99,45
0,103,40
0,105,38
0,110,50
0,110,45
0,103,48
0,105,47
0,94,39
0,110,45
0,104,45
0,108,47
0,114,43
0,100,42
0,100,40
0,99,35
0,101,41
0,108,44
0,96,40
0,90,43
0,108,53
0,98,33
0,103,46
0,110,51
0,98,48
0,92,43
0,107,52
0,101,36
0,106,43
0,107,46
0,110,40
0,104,44
0,101,38
0,104,49
0,88,31
0,105,41
0,102,43
0,102,48
0,108,51
0,112,44
0,107,46
0,95,37
0,109,45
0,98,44
0,116,44
0,93,39
0,107,44
0,101,44
0,92,39
0,101,38
0,97,40
0,105,42
0,98,45
0,104,40
0,106,39
0,109,50
0,109,45
0,104,47
0,106,47
0,93,40
0,110,46
0,103,45
0,108,46
0,114,43
0,100,42
0,99,40
0,100,35
0,101,41
0,109,44
0,96,40
0,89,43
0,109,53
0,98,33
0,103,46
0,111,52
0,98,48
0,91,42
0,107,53
0,38,23
0,100,36
0,106,43
0,108,46
0,109,40
0,107,44
0,102,38
0,104,49
0,88,32
0,106,41
0,102,42
0,102,48
0,109,51
0,112,44
0,107,46
0,95,38
0,110,45
0,98,44
0,116,44
0,107,44
0,101,44
0,92,39
0,101,38
0,98,40
0,106,43
0,99,44
0,103,40
0,106,39
0,109,50
0,109,45
0,104,48
0,105,47
0,93,40
0,111,47
0,103,45
0,108,47
0,114,43
0,99,42
0,100,40
0,100,36
0,102,41
0,108,44
0,96,40
0,89,43
0,98,33
0,104,45
0,111,52
0,98,48
0,108,54
0,99,36
0,35,22
0,105,44
0,108,46
0,110,40
0,107,44
0,103,38
0,104,49
0,90,32
0,104,41
0,96,30
0,102,48
0,109,51
0,111,44
0,107,46
0,95,38
0,110,45
0,98,44
0,116,44
0,107,44
0,101,44
0,92,39
0,99,39
0,97,40
0,106,43
0,99,44
0,102,40
0,106,39
0,109,51
0,111,45
0,104,48
0,104,47
0,93,39
0,111,48
0,102,45
0,107,47
0,114,43
0,100,42
0,100,40
0,101,37
0,102,41
0,108,44
0,96,40
0,89,43
0,97,33
0,103,46
0,112,53
0,98,48
0,98,40
0,108,55
0,100,36
0,105,44
0,107,46
0,109,40
0,106,45
0,100,38
0,104,50
0,89,31
0,105,42
0,102,48
0,108,51
0,112,44
0,107,45
0,96,39
0,110,45
0,98,44
0,116,44
0,107,44
0,100,44
0,92,40
0,100,39
0,98,40
0,107,44
0,99,44
0,101,38
0,106,40
0,110,51
0,110,46
0,104,48
0,104,47
0,93,39
0,111,48
0,101,44
0,108,47
0,114,43
0,100,43
0,100,40
0,21,19
0,100,38
0,101,41
0,105,35
0,108,44
0,90,43
0,96,40
0,98,33
0,104,46
0,111,53
0,98,48
0,99,41
0,108,55
0,99,37
0,105,44
0,107,47
0,109,40
0,105,45
0,102,38
0,103,50
0,90,33
0,105,42
0,102,48
0,89,43
0,109,51
0,112,44
0,108,45
0,96,39
0,110,45
0,98,44
0,116,44
0,100,45
0,107,44
0,102,44
0,93,39
0,100,39
0,97,40
0,106,44
0,98,44
0,106,40
0,110,50
0,110,45
0,103,48
0,105,47
0,93,39
0,111,48
0,107,47
0,114,43
0,100,43
0,100,41
0,24,21
0,99,38
0,100,42
0,108,38
0,109,44
0,90,43
0,96,40
0,97,33
0,105,46
0,112,53
0,98,48
0,99,42
0,108,55
0,102,37
0,105,44
0,107,47
0,110,40
0,94,40
0,106,45
0,102,38
0,104,50
0,88,31
0,106,42
0,102,48
0,90,46
0,109,52
0,112,44
0,107,45
0,96,39
0,110,45
0,99,44
0,116,44
0,101,46
0,108,44
0,100,44
0,93,39
0,100,39
0,98,40
0,111,44
0,107,44
0,98,44
0,106,40
0,109,51
0,110,45
0,104,48
0,105,47
0,93,39
0,111,49
0,107,47
0,114,44
0,99,43
0,97,46
0,99,41
0,101,39
0,101,41
0,108,39
0,108,45
0,90,42
0,96,40
0,98,34
0,105,46
0,111,53
0,98,48
0,99,43
0,108,55
0,101,38
0,104,44
0,107,47
0,109,41
0,97,41
0,107,45
0,101,38
0,104,50
0,87,30
0,105,43
0,102,48
0,91,46
0,109,51
0,112,44
0,106,45
0,95,39
0,109,45
0,98,44
0,116,44
0,102,46
0,107,44
0,101,44
0,93,40
0,101,39
0,97,40
0,112,46
0,107,44
0,98,44
0,106,41
0,109,51
0,110,46
0,105,47
0,105,47
0,92,39
0,111,49
0,107,47
0,114,44
0,100,43
0,102,48
0,100,41
0,101,39
0,100,42
0,109,40
0,108,44
0,90,42
0,97,40
0,96,35
0,98,34
0,103,46
0,112,53
0,98,48
0,100,44
0,108,55
0,101,38
0,104,44
0,106,47
0,109,41
0,98,42
0,105,45
0,103,38
0,104,50
0,88,31
0,105,43
0,102,48
0,92,46
0,109,52
0,111,44
0,107,45
0,95,39
0,109,45
0,99,44
0,116,44
0,101,46
0,108,44
0,101,44
0,94,40
0,99,39
0,98,40
0,112,47
0,107,44
0,98,43
0,106,40
0,110,50
0,110,46
0,104,47
0,105,47
0,92,38
0,111,49
0,22,20
0,106,47
0,114,44
0,101,43
0,104,49
0,101,41
0,101,39
0,100,41
0,108,41
0,108,44
0,96,40
0,103,38
0,98,34
0,104,46
0,112,53
0,98,48
0,100,44
0,108,56
0,101,38
0,104,44
0,106,46
0,109,41
0,98,42
0,106,45
0,102,38
0,104,50
0,88,31
0,105,43
0,102,48
0,91,46
0,108,52
0,111,45
0,107,45
0,97,39
0,110,45
0,99,44
0,116,44
0,102,46
0,108,44
0,101,44
0,94,40
0,100,39
0,97,40
0,113,48
0,107,45
0,98,43
0,107,40
0,109,51
0,111,46
0,104,48
0,106,47
0,111,49
0,106,47
0,114,44
0,100,43
0,104,49
0,100,41
0,101,39
0,101,41
0,109,41
0,108,45
0,96,40
0,105,39
0,98,34
0,104,46
0,113,53
0,97,48
0,100,44
0,108,56
0,101,39
0,106,44
0,107,41
0,98,42
0,105,45
0,102,38
0,104,50
0,90,33
0,104,43
0,101,48
0,91,47
0,98,37
0,109,51
0,112,44
0,95,39
0,109,45
0,99,44
0,115,44
0,102,46
0,108,44
0,101,44
0,94,40
0,100,39
0,98,40
0,113,49
0,107,44
0,106,41
0,109,50
0,111,46
0,103,48
0,106,47
0,112,49
0,25,21
0,107,47
0,114,44
0,101,43
0,105,50
0,100,41
0,102,40
0,99,41
0,110,41
0,108,45
0,97,40
0,105,40
0,98,34
0,105,46
0,113,53
0,96,48
0,101,44
0,108,55
0,101,39
0,105,44
0,96,30
0,109,41
0,98,42
0,105,45
0,102,38
0,104,50
0,90,33
0,104,43
0,102,48
0,92,47
0,100,41
0,109,52
0,112,45
0,96,39
0,109,45
0,99,44
0,115,43
0,102,46
0,107,44
0,101,44
0,94,40
0,100,39
0,98,41
0,114,49
0,108,45
0,107,41
0,109,51
0,110,46
0,103,48
0,105,47
0,106,41
0,112,49
0,106,47
0,114,44
0,100,43
0,104,50
0,100,42
0,101,40
0,97,41
0,110,42
0,108,45
0,96,40
0,105,40
0,98,34
0,104,46
0,113,53
0,96,48
0,101,44
0,108,56
0,101,39
0,105,44
0,108,39
0,109,41
0,98,43
0,105,45
0,102,38
0,89,40
0,89,33
0,106,43
0,103,48
0,91,47
0,101,42
0,109,52
0,112,44
0,97,39
0,109,46
0,99,44
0,115,43
0,101,47
0,108,44
0,100,44
0,99,34
0,94,40
0,100,39
0,98,40
0,114,49
0,107,45
0,107,41
0,108,51
0,110,46
0,103,48
0,105,47
0,108,44
0,111,49
0,106,47
0,114,44
0,100,43
0,105,50
0,100,42
0,100,40
0,96,40
0,110,42
0,109,44
0,97,40
0,104,41
0,98,34
0,105,46
0,113,53
0,96,47
0,101,44
0,108,56
0,102,39
0,105,44
0,108,39
0,109,41
0,98,43
0,106,45
0,102,38
0,90,35
0,105,43
0,101,48
0,92,47
0,103,44
0,109,52
0,112,44
0,96,39
0,110,45
0,98,44
0,114,43
0,102,47
0,107,44
0,101,44
0,101,39
0,95,40
0,100,39
0,98,40
0,114,50
0,108,45
0,106,41
0,109,51
0,111,46
0,103,47
0,105,47
0,108,46
0,112,50
0,106,47
0,114,44
0,100,43
0,105,50
0,100,42
0,95,34
0,102,40
0,110,42
0,107,45
0,97,40
0,104,41
0,98,34
0,104,47
0,113,54
0,90,25
0,101,44
0,108,56
0,100,40
0,104,44
0,109,40
0,108,41
0,99,43
0,104,45
0,103,38
0,89,34
0,106,43
0,102,48
0,91,47
0,103,45
0,108,52
0,111,44
0,96,40
0,109,46
0,99,44
0,102,47
0,108,44
0,101,44
0,102,41
0,94,40
0,100,39
0,98,41
0,114,50
0,108,45
0,107,41
0,108,51
0,110,46
0,102,46
0,106,47
0,109,46
0,111,50
0,106,47
0,114,44
0,100,43
0,106,50
0,100,42
0,95,36
0,101,41
0,110,42
0,107,45
0,96,40
0,105,41
0,98,34
0,105,47
0,113,54
0,96,31
0,101,44
0,108,56
0,101,40
0,104,44
0,109,40
0,109,41
0,98,43
0,106,45
0,103,38
0,90,35
0,99,37
0,105,44
0,102,48
0,91,47
0,103,45
0,109,52
0,112,43
0,96,39
0,110,46
0,100,44
0,101,47
0,107,44
0,101,43
0,103,43
0,95,40
0,100,39
0,99,40
0,114,50
0,107,45
0,107,41
0,109,50
0,110,46
0,103,46
0,105,47
0,109,47
0,111,50
0,105,46
0,114,44
0,100,43
0,105,51
0,101,42
0,96,37
0,102,41
0,110,42
0,107,44
0,97,41
0,104,41
0,97,34
0,103,47
0,113,54
0,97,35
0,100,45
0,109,56
0,100,40
0,104,44
0,109,40
0,108,41
0,99,43
0,104,46
0,102,38
0,88,33
0,101,40
0,106,44
0,102,48
0,91,47
0,103,46
0,108,52
0,111,43
0,96,39
0,108,46
0,99,44
0,102,47
0,108,44
0,99,43
0,103,44
0,94,40
0,21,19
0,100,39
0,98,40
0,114,50
0,108,45
0,107,41
0,109,50
0,110,46
0,106,47
0,111,47
0,111,50
0,105,46
0,114,45
0,101,43
0,106,51
0,100,42
0,96,38
0,101,41
0,110,42
0,43,24
0,107,44
0,96,41
0,105,41
0,98,34
0,104,47
0,113,54
0,98,38
0,101,44
0,108,56
0,101,40
0,104,44
0,109,41
0,108,41
0,98,43
0,106,46
0,102,38
0,89,36
0,103,41
0,106,43
0,102,48
0,91,47
0,103,46
0,109,52
0,95,40
0,109,46
0,99,44
0,102,47
0,108,44
0,99,43
0,103,44
0,94,40
0,99,39
0,98,41
0,114,50
0,107,45
0,107,42
0,108,51
0,110,45
0,20,17
0,105,47
0,110,47
0,111,50
0,104,45
0,114,44
0,100,43
0,106,51
0,101,42
0,96,38
0,101,41
0,74,30
0,110,43
0,107,44
0,98,40
0,105,41
0,98,34
0,104,47
0,113,55
0,99,40
0,101,44
0,108,57
0,100,40
0,103,44
0,108,41
0,108,41
0,98,43
0,106,46
0,103,38
0,89,36
0,103,42
0,107,43
0,101,48
0,91,47
0,102,46
0,108,52
0,96,40
0,108,46
0,102,42
0,98,44
0,102,47
0,107,45
0,99,42
0,104,45
0,94,40
0,86,37
0,99,39
0,98,40
0,114,50
0,108,45
0,107,42
0,109,51
0,111,45
0,78,32
0,106,47
0,111,47
0,112,50
0,114,45
0,100,43
0,106,51
0,100,43
0,97,39
0,101,42
0,104,35
0,110,42
0,96,40
0,104,42
0,98,34
0,104,47
0,113,55
0,99,41
0,100,45
0,109,57
0,101,40
0,104,43
0,109,41
0,109,41
0,99,43
0,105,47
0,102,39
0,89,34
0,103,42
0,106,43
0,100,47
0,91,47
0,103,46
0,109,51
0,96,39
0,108,45
0,105,44
0,98,44
0,102,47
0,108,44
0,104,45
0,94,41
0,97,39
0,100,39
0,98,40
0,114,50
0,108,45
0,107,42
0,109,51
0,110,45
0,85,35
0,106,47
0,110,48
0,112,50
0,114,44
0,99,43
0,107,51
0,100,42
0,97,39
0,101,42
0,106,37
0,109,43
0,97,40
0,105,41
0,98,35
0,102,34
0,104,47
0,113,55
0,99,41
0,100,45
0,109,57
0,100,40
0,109,41
0,108,42
0,98,43
0,104,47
0,102,38
0,89,33
0,94,30
0,104,42
0,105,43
0,100,47
0,91,48
0,104,47
0,108,52
0,96,40
0,107,46
0,107,44
0,98,44
0,102,47
0,108,44
0,104,45
0,94,40
0,99,41
0,100,39
0,97,40
0,115,50
0,108,45
0,108,42
0,108,51
0,111,45
0,90,36
0,105,48
0,111,48
0,111,50
0,114,44
0,100,43
0,107,51
0,100,43
0,97,39
0,101,42
0,107,37
0,110,43
0,96,40
0,104,42
0,98,35
0,106,38
0,104,47
0,114,55
0,99,43
0,100,45
0,109,57
0,101,40
0,110,41
0,108,42
0,99,43
0,103,38
0,104,46
0,90,35
0,98,33
0,102,42
0,107,42
0,100,47
0,91,47
0,103,47
0,108,52
0,95,39
0,108,45
0,107,45
0,98,44
0,103,47
0,108,44
0,104,46
0,95,41
0,99,42
0,100,38
0,97,41
0,114,51
0,108,45
0,108,42
0,109,51
0,109,43
0,91,37
0,105,47
0,111,48
0,111,50
0,113,44
0,99,43
0,106,52
0,100,43
0,97,40
0,101,42
0,107,38
0,110,43
0,97,40
0,103,41
0,98,34
0,106,40
0,105,46
0,114,55
0,99,42
0,100,45
0,108,57
0,100,40
0,109,41
0,109,42
0,98,43
0,102,39
0,90,35
0,98,35
0,103,42
0,106,42
0,92,47
0,104,46
0,108,51
0,96,40
0,108,46
0,107,45
0,98,44
0,103,47
0,108,44
0,104,46
0,95,40
0,99,42
0,101,38
0,97,41
0,115,50
0,108,45
0,108,42
0,108,51
0,92,37
0,106,47
0,110,48
0,112,50
0,94,38
0,113,43
0,100,43
0,107,52
0,100,43
0,98,40
0,101,42
0,107,38
0,111,43
0,97,40
0,104,41
0,98,34
0,107,41
0,103,46
0,113,56
0,99,43
0,101,45
0,108,57
0,100,40
0,109,41
0,108,42
0,98,43
0,102,39
0,89,34
0,97,35
0,103,42
0,107,42
0,91,48
0,104,47
0,108,51
0,94,40
0,108,46
0,108,45
0,98,44
0,102,47
0,107,44
0,104,46
0,94,41
0,100,42
0,100,37
0,97,40
0,114,51
0,108,45
0,96,32
0,108,42
0,108,51
0,91,38
0,106,47
0,111,48
0,112,50
0,96,40
0,112,41
0,100,43
0,107,52
0,101,43
0,97,40
0,102,42
0,107,38
0,111,43
0,96,40
0,105,41
0,107,42
0,97,34
0,102,45
0,113,56
0,99,43
0,101,45
0,108,57
0,100,40
0,109,40
0,109,42
0,99,43
0,103,40
0,103,39
0,91,37
0,99,36
0,102,43
0,107,42
0,91,48
0,104,47
0,108,51
0,95,40
0,108,45
0,99,39
0,107,45
0,98,44
0,103,47
0,108,44
0,104,46
0,95,41
0,99,43
0,99,37
0,97,41
0,114,51
0,108,45
0,100,34
0,108,42
0,108,51
0,92,38
0,105,47
0,110,49
0,112,50
0,97,41
0,100,43
0,106,52
0,100,43
0,97,40
0,101,42
0,46,24
0,107,39
0,111,43
0,97,40
0,104,42
0,107,43
0,97,34
0,114,56
0,100,44
0,101,45
0,109,57
0,100,40
0,108,40
0,108,42
0,99,43
0,105,43
0,102,39
0,99,35
0,90,37
0,103,42
0,106,42
0,92,47
0,104,47
0,108,50
0,97,39
0,108,45
0,104,41
0,107,45
0,98,44
0,102,47
0,107,44
0,105,46
0,95,41
0,98,43
0,52,22
0,97,40
0,114,51
0,108,46
0,37,22
0,101,35
0,107,43
0,108,51
0,92,38
0,105,47
0,110,49
0,112,50
0,98,42
0,101,43
0,108,52
0,100,43
0,97,41
0,101,43
0,94,34
0,108,39
0,111,43
0,96,41
0,104,42
0,107,44
0,97,34
0,113,56
0,100,43
0,100,46
0,108,57
0,99,40
0,107,40
0,99,44
0,106,42
0,105,43
0,102,39
0,90,36
0,98,36
0,103,43
0,106,42
0,91,48
0,104,47
0,96,40
0,107,46
0,105,43
0,108,45
0,97,44
0,102,47
0,108,44
0,104,46
0,96,41
0,99,43
0,95,28
0,97,40
0,114,51
0,108,46
0,101,36
0,107,43
0,108,51
0,92,39
0,105,47
0,110,49
0,112,50
0,98,42
0,100,43
0,106,52
0,100,43
0,97,41
0,101,43
0,98,37
0,107,39
0,110,44
0,97,40
0,104,42
0,96,34
0,108,44
0,114,56
0,100,44
0,101,46
0,109,57
0,99,39
0,108,40
0,98,43
0,105,44
0,101,39
0,90,37
0,99,35
0,103,43
0,106,42
0,97,33
0,90,48
0,104,48
0,95,40
0,107,45
0,106,44
0,108,45
0,98,44
0,103,47
0,108,44
0,104,46
0,95,41
0,99,43
0,97,31
0,97,40
0,114,51
0,109,46
0,101,37
0,108,42
0,109,50
0,92,39
0,105,47
0,111,49
0,111,51
0,98,43
0,99,43
0,107,52
0,100,42
0,98,40
0,101,43
0,100,38
0,108,39
0,111,43
0,96,40
0,104,42
0,107,45
0,96,33
0,89,26
0,113,56
0,100,44
0,101,46
0,108,57
0,108,41
0,99,44
0,105,44
0,101,39
0,99,35
0,90,37
0,103,43
0,105,43
0,97,35
0,90,48
0,104,48
0,95,40
0,107,45
0,107,44
0,108,45
0,98,44
0,102,48
0,108,44
0,104,46
0,96,41
0,99,43
0,98,32
0,96,39
0,114,51
0,108,46
0,100,37
0,107,42
0,108,51
0,90,39
0,111,49
0,111,50
0,98,43
0,99,43
0,108,52
0,100,42
0,98,40
0,102,43
0,101,39
0,108,39
0,111,43
0,96,40
0,104,42
0,96,33
0,107,45
0,83,30
0,113,56
0,100,44
0,100,46
0,107,58
0,108,40
0,99,44
0,105,44
0,101,39
0,90,36
0,98,36
0,103,43
0,106,42
0,99,36
0,91,48
0,104,48
0,97,39
0,107,45
0,106,45
0,108,45
0,97,44
0,102,47
0,109,44
0,104,47
0,96,41
0,99,43
0,99,34
0,97,38
0,115,51
0,108,46
0,101,37
0,107,42
0,109,50
0,92,39
0,92,47
0,110,49
0,112,50
0,98,43
0,99,43
0,107,52
0,99,42
0,98,41
0,101,43
0,102,40
0,109,40
0,110,44
0,96,40
0,104,42
0,107,45
0,90,35
0,114,56
0,100,45
0,100,46
0,108,57
0,110,41
0,99,44
0,104,44
0,101,39
0,90,37
0,99,36
0,103,43
0,106,43
0,99,37
0,91,48
0,104,48
0,95,40
0,107,45
0,106,45
0,108,45
0,102,48
0,109,44
0,105,46
0,96,41
0,99,44
0,99,35
0,115,51
0,108,46
0,101,37
0,107,42
0,107,51
0,92,39
0,93,49
0,110,49
0,112,50
0,98,43
0,100,43
0,108,52
0,96,41
0,85,39
0,101,43
0,102,40
0,109,40
0,110,44
0,96,40
0,104,43
0,108,45
0,92,37
0,115,56
0,100,45
0,100,46
0,108,57
0,109,41
0,99,44
0,104,44
0,102,39
0,99,36
0,90,36
0,103,43
0,105,43
0,98,37
0,91,48
0,105,48
0,95,40
0,89,33
0,106,45
0,106,45
0,108,45
0,102,47
0,108,44
0,105,46
0,83,32
0,96,41
0,99,44
0,98,35
0,114,51
0,108,46
0,101,38
0,107,42
0,107,51
0,92,39
0,94,49
0,110,49
0,111,51
0,98,44
0,98,44
0,108,52
0,97,41
0,92,41
0,101,43
0,103,41
0,109,40
0,110,44
0,95,40
0,104,43
0,107,46
0,92,37
0,113,56
0,100,45
0,100,46
0,108,57
0,109,40
0,99,44
0,105,44
0,102,39
0,99,36
0,89,36
0,103,43
0,103,42
0,98,37
0,91,48
0,104,48
0,95,39
0,104,36
0,105,45
0,105,45
0,108,45
0,102,48
0,108,44
0,104,46
0,87,34
0,96,41
0,99,44
0,99,36
0,114,51
0,109,46
0,102,38
0,107,42
0,107,50
0,92,39
0,94,50
0,111,49
0,111,51
0,97,44
0,98,43
0,107,52
0,97,41
0,99,41
0,101,43
0,103,41
0,108,40
0,112,44
0,96,40
0,104,43
0,107,46
0,93,38
0,114,56
0,101,45
0,50,27
0,100,46
0,107,57
0,108,41
0,99,44
0,105,44
0,101,40
0,99,37
0,90,36
0,103,43
0,99,37
0,90,48
0,105,49
0,95,39
0,105,38
0,105,45
0,106,45
0,107,46
0,101,48
0,108,43
0,105,47
0,87,36
0,96,41
0,99,44
0,99,36
0,114,51
0,109,46
0,101,38
0,107,41
0,108,50
0,92,39
0,95,50
0,110,49
0,111,50
0,99,44
0,98,43
0,108,52
0,97,41
0,101,41
0,101,43
0,103,41
0,107,40
0,111,44
0,96,40
0,105,43
0,107,46
0,93,38
0,114,56
0,110,41
0,100,45
0,101,46
0,108,56
0,109,41
0,99,44
0,106,44
0,102,40
0,98,37
0,89,36
0,103,43
0,99,37
0,90,48
0,105,49
0,95,40
0,105,38
0,105,45
0,106,45
0,108,45
0,102,48
0,108,43
0,104,47
0,89,37
0,96,41
0,99,44
0,99,36
0,115,51
0,108,46
0,102,38
0,107,50
0,92,39
0,94,50
0,111,49
0,111,50
0,103,36
0,98,44
0,98,43
0,108,52
0,97,42
0,100,42
0,101,44
0,103,41
0,108,40
0,111,44
0,95,40
0,103,44
0,107,46
0,92,38
0,114,56
0,114,44
0,101,45
0,101,47
0,107,56
0,109,41
0,99,44
0,106,44
0,102,40
0,99,37
0,89,36
0,103,43
0,28,20
0,99,37
0,90,48
0,104,49
0,94,40
0,105,38
0,106,44
0,106,45
0,108,46
0,102,48
0,104,47
0,90,37
0,96,41
0,99,44
0,99,36
0,115,51
0,109,46
0,102,38
0,107,50
0,92,40
0,95,50
0,111,49
0,111,51
0,104,38
0,98,44
0,98,43
0,108,52
0,97,42
0,101,42
0,102,43
0,103,41
0,108,41
0,111,44
0,103,43
0,108,46
0,91,38
0,114,56
0,115,45
0,100,46
0,100,47
0,109,41
0,100,44
0,105,44
0,102,40
0,99,36
0,89,36
0,103,43
0,92,39
0,99,37
0,90,48
0,105,49
0,94,40
0,105,39
0,104,44
0,106,45
0,108,46
0,81,33
0,101,48
0,104,47
0,90,37
0,95,41
0,98,44
0,99,37
0,114,51
0,108,46
0,102,39
0,107,50
0,97,35
0,92,40
0,95,50
0,111,49
0,112,50
0,105,39
0,98,44
0,97,43
0,108,52
0,97,42
0,101,43
0,101,44
0,104,41
0,88,28
0,107,41
0,112,44
0,103,43
0,107,47
0,91,39
0,113,57
0,116,45
0,100,46
0,100,46
0,109,41
0,99,44
0,106,44
0,102,40
0,98,37
0,89,36
0,103,43
0,95,40
0,99,37
0,91,48
0,105,49
0,94,40
0,106,39
0,106,45
0,108,46
0,83,36
0,101,48
0,104,47
0,90,38
0,96,41
0,99,44
0,101,37
0,114,52
0,109,46
0,102,39
0,109,43
0,106,50
0,92,40
0,95,50
0,111,50
0,111,51
0,105,40
0,97,44
0,108,52
0,97,42
0,103,43
0,102,43
0,103,42
0,94,32
0,107,41
0,111,44
0,104,43
0,108,46
0,93,39
0,114,56
0,116,46
0,101,46
0,99,47
0,109,41
0,99,44
0,106,44
0,102,39
0,99,37
0,90,37
0,103,44
0,96,41
0,98,38
0,91,48
0,105,49
0,94,40
0,106,39
0,107,45
0,108,46
0,84,37
0,101,48
0,105,47
0,90,38
0,95,41
0,100,44
0,101,37
0,114,52
0,108,46
0,102,39
0,109,44
0,106,49
0,92,40
0,95,51
0,111,50
0,112,50
0,105,40
0,98,44
0,107,52
0,98,41
0,102,43
0,101,44
0,103,42
0,96,33
0,107,41
0,111,44
0,104,43
0,108,47
0,93,39
0,114,56
0,116,46
0,101,46
0,99,46
0,108,41
0,99,44
0,105,44
0,89,37
0,98,37
0,104,43
0,100,41
0,99,37
0,91,48
0,104,49
0,94,39
0,106,39
0,106,46
0,108,46
0,85,38
0,101,48
0,104,48
0,89,38
0,94,40
0,99,44
0,100,37
0,115,52
0,108,46
0,102,39
0,111,45
0,90,32
0,92,40
0,95,51
0,111,50
0,111,50
0,106,40
0,98,44
0,108,52
0,97,42
0,102,43
0,101,43
0,103,42
0,97,33
0,107,41
0,111,44
0,104,43
0,108,47
0,94,39
0,113,56
0,117,46
0,23,20
0,101,47
0,99,46
0,109,41
0,86,27
0,100,44
0,106,44
0,90,38
0,99,37
0,104,44
0,100,41
0,99,38
0,90,48
0,105,50
0,94,40
0,106,39
0,106,46
0,109,46
0,85,38
0,102,48
0,105,47
0,89,38
0,94,40
0,98,45
0,100,37
0,115,52
0,108,45
0,85,39
0,102,39
0,111,46
0,92,40
0,95,51
0,110,50
0,111,50
0,106,41
0,97,44
0,91,32
0,108,52
0,97,42
0,102,44
0,100,43
0,103,42
0,97,34
0,107,41
0,110,44
0,103,43
0,108,48
0,93,39
0,116,46
0,33,23
0,101,47
0,99,46
0,109,41
0,86,29
0,99,44
0,106,44
0,98,37
0,90,37
0,104,44
0,101,42
0,98,38
0,90,48
0,105,49
0,95,39
0,106,39
0,107,45
0,108,46
0,84,38
0,101,48
0,104,47
0,91,38
0,99,44
0,100,37
0,115,51
0,108,45
0,90,41
0,102,39
0,112,46
0,92,40
0,95,51
0,111,49
0,111,50
0,106,41
0,98,44
0,94,35
0,108,52
0,98,42
0,102,43
0,101,43
0,103,42
0,97,34
0,108,41
0,111,44
0,103,43
0,108,47
0,94,39
0,117,46
0,94,35
0,101,47
0,99,47
0,108,41
0,88,31
0,99,44
0,105,45
0,99,37
0,90,36
0,103,44
0,100,42
0,99,38
0,90,48
0,105,50
0,94,39
0,106,39
0,106,46
0,109,46
0,93,39
0,85,39
0,100,48
0,104,47
0,90,38
0,99,44
0,100,38
0,115,52
0,108,45
0,92,42
0,102,39
0,112,46
0,92,40
0,96,51
0,112,49
0,111,50
0,106,41
0,97,45
0,95,37
0,108,52
0,98,41
0,102,44
0,100,42
0,103,42
0,97,34
0,108,41
0,111,44
0,104,43
0,108,48
0,93,40
0,116,46
0,100,37
0,101,47
0,99,46
0,108,41
0,89,32
0,100,44
0,106,44
0,99,37
0,89,36
0,102,44
0,100,42
0,99,38
0,90,48
0,105,50
0,95,38
0,106,39
0,107,46
0,109,46
0,94,40
0,85,38
0,101,48
0,105,47
0,90,38
0,100,45
0,101,37
0,114,52
0,108,44
0,93,42
0,102,39
0,112,46
0,92,40
0,96,51
0,110,49
0,110,49
0,107,41
0,98,44
0,97,37
0,108,52
0,97,41
0,101,44
0,103,42
0,99,34
0,107,42
0,111,44
0,103,43
0,108,48
0,94,40
0,116,46
0,101,39
0,101,48
0,99,46
0,108,41
0,87,33
0,99,44
0,106,45
0,100,37
0,104,44
0,100,42
0,99,38
0,90,48
0,105,50
0,93,38
0,106,40
0,106,46
0,109,46
0,94,41
0,85,39
0,101,48
0,104,48
0,90,38
0,99,45
0,101,37
0,113,52
0,93,43
0,101,39
0,112,47
0,92,40
0,96,51
0,111,49
0,106,41
0,98,44
0,96,38
0,109,52
0,97,42
0,102,44
0,103,43
0,99,35
0,108,42
0,111,44
0,103,43
0,107,48
0,94,40
0,115,47
0,101,40
0,102,47
0,98,46
0,108,41
0,88,33
0,100,44
0,106,45
0,98,37
0,103,44
0,101,42
0,98,38
0,90,48
0,105,49
0,93,37
0,107,40
0,106,46
0,108,46
0,95,42
0,84,39
0,101,48
0,104,48
0,90,39
0,100,45
0,100,38
0,114,51
0,94,43
0,102,39
0,112,47
0,92,40
0,96,51
0,111,49
0,107,41
0,98,45
0,96,38
0,108,52
0,97,42
0,101,45
0,104,43
0,97,35
0,108,42
0,111,44
0,104,43
0,107,48
0,93,40
0,116,46
0,102,40
0,101,47
0,99,45
0,109,41
0,89,32
0,100,44
0,105,45
0,99,37
0,102,44
0,101,42
0,99,38
0,90,48
0,105,50
0,106,40
0,107,46
0,108,46
0,94,42
0,85,39
0,100,48
0,104,48
0,89,39
0,100,45
0,101,37
0,114,52
0,94,43
0,102,40
0,111,47
0,92,40
0,97,51
0,111,49
0,106,41
0,97,45
0,97,38
0,109,52
0,97,42
0,102,45
0,104,42
0,98,35
0,108,42
0,111,44
0,104,43
0,109,48
0,94,40
0,116,47
0,102,41
0,102,48
0,108,41
0,89,33
0,99,44
0,105,45
0,99,37
0,103,43
0,101,42
0,98,38
0,90,48
0,106,49
0,106,40
0,107,46
0,108,46
0,94,43
0,85,38
0,100,48
0,104,48
0,90,39
0,100,45
0,101,38
0,114,51
0,94,43
0,101,40
0,112,47
0,92,40
0,96,51
0,110,49
0,107,42
0,97,45
0,97,39
0,109,51
0,95,42
0,102,45
0,104,43
0,98,35
0,108,42
0,110,43
0,104,43
0,108,49
0,94,40
0,116,47
0,101,41
0,101,48
0,107,41
0,88,33
0,100,44
0,106,45
0,100,37
0,103,44
0,101,42
0,98,38
0,89,48
0,105,49
0,106,40
0,107,46
0,109,46
0,95,43
0,86,39
0,99,47
0,104,48
0,90,39
0,100,45
0,100,38
0,114,51
0,94,44
0,102,40
0,112,47
0,92,40
0,96,51
0,110,49
0,107,42
0,97,45
0,97,39
0,108,52
0,96,42
0,103,45
0,103,43
0,97,35
0,108,42
0,103,43
0,108,49
0,93,41
0,116,47
0,102,41
0,102,48
0,108,41
0,88,33
0,98,44
0,105,45
0,99,38
0,102,43
0,101,42
0,98,38
0,86,40
0,105,49
0,107,40
0,107,46
0,108,46
0,94,43
0,85,39
0,104,47
0,89,39
0,99,45
0,100,38
0,114,51
0,94,43
0,101,40
0,112,47
0,91,40
0,95,51
0,110,49
0,106,42
0,98,45
0,97,39
0,96,42
0,102,45
0,104,43
0,99,35
0,108,42
0,104,42
0,109,49
0,94,40
0,116,47
0,101,42
0,102,48
0,107,41
0,88,33
0,105,45
0,99,38
0,101,43
0,101,42
0,99,38
0,105,49
0,106,40
0,107,46
0,109,46
0,95,43
0,86,39
0,104,48
0,90,39
0,100,45
0,101,39
0,114,50
0,95,44
0,102,40
0,111,48
0,92,40
0,95,51
0,109,49
0,107,42
0,97,45
0,97,39
0,96,42
0,102,45
0,103,43
0,97,35
0,108,42
0,103,42
0,108,49
0,94,40
0,116,47
0,101,42
0,102,48
0,108,41
0,89,33
0,105,45
0,100,38
0,103,43
0,101,42
0,99,38
0,105,50
0,106,40
0,107,46
0,108,46
0,95,43
0,85,39
0,104,48
0,90,39
0,101,45
0,100,38
0,114,50
0,94,44
0,102,40
0,112,48
0,92,41
0,96,50
0,110,48
0,107,42
0,97,45
0,97,40
0,96,42
0,102,46
0,103,43
0,98,35
0,106,42
0,102,42
0,109,49
0,94,41
0,116,47
0,102,42
0,102,48
0,108,41
0,89,33
0,106,45
0,99,38
0,103,43
0,101,42
0,100,38
0,104,50
0,108,40
0,107,46
0,108,46
0,95,43
0,85,39
0,104,47
0,92,39
0,99,45
0,102,38
0,94,44
0,102,40
0,112,47
0,92,41
0,95,51
0,110,48
0,107,42
0,96,45
0,97,40
0,96,42
0,102,46
0,103,43
0,98,35
0,108,42
0,101,42
0,109,49
0,94,41
0,116,47
0,102,42
0,102,48
0,109,41
0,88,33
0,105,45
0,100,38
0,103,43
0,102,43
0,99,38
0,105,49
0,106,40
0,108,46
0,108,46
0,94,43
0,85,39
0,104,47
0,92,39
0,100,45
0,101,38
0,95,44
0,102,40
0,111,47
0,92,40
0,96,50
0,110,48
0,106,42
0,97,45
0,97,40
0,96,42
0,101,46
0,103,43
0,98,36
0,107,42
0,109,49
0,94,41
0,116,47
0,102,42
0,103,48
0,108,41
0,88,33
0,105,45
0,98,37
0,103,43
0,101,43
0,98,38
0,104,49
0,107,40
0,107,46
0,108,46
0,95,44
0,86,39
0,104,47
0,91,39
0,99,45
0,101,39
0,95,44
0,102,40
0,112,48
0,92,40
0,96,51
0,108,47
0,107,42
0,97,45
0,97,40
0,95,42
0,102,46
0,104,43
0,99,36
0,107,42
0,108,49
0,95,41
0,116,47
0,102,42
0,102,48
0,107,41
0,88,34
0,105,45
0,99,37
0,103,44
0,101,42
0,99,38
0,105,48
0,107,40
0,107,46
0,108,46
0,94,43
0,85,39
0,103,47
0,91,39
0,99,45
0,101,39
0,96,44
0,101,41
0,111,48
0,92,40
0,97,51
0,106,42
0,97,45
0,97,40
0,96,41
0,102,46
0,104,44
0,99,36
0,107,42
0,108,49
0,94,41
0,116,47
0,102,42
0,102,48
0,108,41
0,88,34
0,105,45
0,99,37
0,103,44
0,100,43
0,99,38
0,104,48
0,106,41
0,107,46
0,108,46
0,95,43
0,86,38
0,103,47
0,92,39
0,99,46
0,101,39
0,95,44
0,101,40
0,112,48
0,91,41
0,96,51
0,106,42
0,97,45
0,97,40
0,95,41
0,101,46
0,103,44
0,98,36
0,107,42
0,108,49
0,94,41
0,116,47
0,103,43
0,101,48
0,106,41
0,88,34
0,105,45
0,98,37
0,103,44
0,101,43
0,98,38
0,106,41
0,107,46
0,108,46
0,95,44
0,85,39
0,103,46
0,92,39
0,99,45
0,101,39
0,95,44
0,101,40
0,112,48
0,91,40
0,96,51
0,106,42
0,97,45
0,98,40
0,94,41
0,102,46
0,104,44
0,98,36
0,107,42
0,109,49
0,95,41
0,116,47
0,102,43
0,103,47
0,88,34
0,105,45
0,98,38
0,103,43
0,101,43
0,98,38
0,107,41
0,107,46
0,108,46
0,94,44
0,85,39
0,104,46
0,91,40
0,99,45
0,101,39
0,95,44
0,102,40
0,112,48
0,92,40
0,96,51
0,107,42
0,97,45
0,97,40
0,101,46
0,103,44
0,99,36
0,107,42
0,108,49
0,94,41
0,116,47
0,102,43
0,102,47
0,89,34
0,104,45
0,98,37
0,103,43
0,102,43
0,99,38
0,107,41
0,106,46
0,107,46
0,94,44
0,86,39
0,103,45
0,92,39
0,99,45
0,101,40
0,95,44
0,101,40
0,112,48
0,91,40
0,96,51
0,106,42
0,96,45
0,97,40
0,101,46
0,103,44
0,98,36
0,107,41
0,108,49
0,94,41
0,115,47
0,102,43
0,102,46
1,90,41
1,101,52
1,94,48
1,101,46
1,100,54
1,100,56
1,98,50
1,102,56
1,98,44
1,99,47
1,106,47
1,102,42
1,94,41
1,86,46
1,102,45
1,102,42
1,97,43
1,103,52
1,112,56
1,87,48
1,99,54
1,94,47
1,103,41
1,99,50
1,84,41
1,85,45
1,97,54
1,102,52
1,109,50
1,94,56
1,99,52
1,106,50
1,93,45
1,107,59
1,92,40
1,90,48
1,107,56
1,100,40
1,93,47
1,110,51
1,96,46
1,106,48
1,65,32
1,88,47
1,91,41
1,102,52
1,100,54
1,94,48
1,102,46
1,101,56
1,98,50
1,102,55
1,97,44
1,99,47
1,105,47
1,102,42
1,96,44
1,85,46
1,102,45
1,102,42
1,96,43
1,102,52
1,112,56
1,88,49
1,98,54
1,94,47
1,102,42
1,99,50
1,84,41
1,86,45
1,73,30
1,96,54
1,102,52
1,108,50
1,93,56
1,99,51
1,106,50
1,93,44
1,108,59
1,94,40
1,92,49
1,107,56
1,101,40
1,94,47
1,109,51
1,95,46
1,88,41
1,107,48
1,88,47
1,90,41
1,101,52
1,100,54
1,94,48
1,101,46
1,101,56
1,98,50
1,102,56
1,98,44
1,98,47
1,106,47
1,103,42
1,96,46
1,86,47
1,102,45
1,103,42
1,97,43
1,102,52
1,112,56
1,88,49
1,99,54
1,94,47
1,103,42
1,98,50
1,84,41
1,86,45
1,104,37
1,97,54
1,102,52
1,108,50
1,94,56
1,98,52
1,105,50
1,93,44
1,107,59
1,93,40
1,92,49
1,106,57
1,100,41
1,93,47
1,110,51
1,95,41
1,95,46
1,106,48
1,88,47
1,91,41
1,102,52
1,95,48
1,102,46
1,100,54
1,102,56
1,98,50
1,102,55
1,97,44
1,98,47
1,105,47
1,102,43
1,97,46
1,86,48
1,102,45
1,102,42
1,98,43
1,102,52
1,113,56
1,89,50
1,98,54
1,94,47
1,102,42
1,99,50
1,84,41
1,87,45
1,107,39
1,96,54
1,102,52
1,108,50
1,95,55
1,99,51
1,106,50
1,93,44
1,108,59
1,95,40
1,91,50
1,107,56
1,101,41
1,95,47
1,109,51
1,100,41
1,96,46
1,106,48
1,88,47
1,90,41
1,101,52
1,94,48
1,101,46
1,100,54
1,102,56
1,79,44
1,98,50
1,102,56
1,97,44
1,98,47
1,105,47
1,102,42
1,97,46
1,72,34
1,86,47
1,103,45
1,102,42
1,98,43
1,102,52
1,113,56
1,89,50
1,97,54
1,95,47
1,102,42
1,98,50
1,84,41
1,86,45
1,108,40
1,96,54
1,102,52
1,108,50
1,94,56
1,100,51
1,106,50
1,93,44
1,108,59
1,95,39
1,91,50
1,91,45
1,106,57
1,99,41
1,95,47
1,109,51
1,100,43
1,96,46
1,106,49
1,87,47
1,90,41
1,102,52
1,100,54
1,94,48
1,103,46
1,102,56
1,82,46
1,98,50
1,101,56
1,99,45
1,99,47
1,105,47
1,103,43
1,97,47
1,93,40
1,86,47
1,103,45
1,101,42
1,97,43
1,103,52
1,112,56
1,89,50
1,97,54
1,94,47
1,103,42
1,98,50
1,85,41
1,86,45
1,109,41
1,96,54
1,102,52
1,109,50
1,94,56
1,51,26
1,100,51
1,105,50
1,93,44
1,108,59
1,92,40
1,92,50
1,96,46
1,106,57
1,100,42
1,94,47
1,109,51
1,100,43
1,96,46
1,107,48
1,87,47
1,90,41
1,101,52
1,101,54
1,94,48
1,102,46
1,85,46
1,101,56
1,99,50
1,102,55
1,99,44
1,98,47
1,104,47
1,102,43
1,96,47
1,93,42
1,86,48
1,102,45
1,102,42
1,98,43
1,103,52
1,113,56
1,90,50
1,97,54
1,95,47
1,77,50
1,103,42
1,97,50
1,84,41
1,86,45
1,109,41
1,96,54
1,102,52
1,109,50
1,93,56
1,106,46
1,101,51
1,94,44
1,106,50
1,108,59
1,94,40
1,92,50
1,98,47
1,107,56
1,99,42
1,95,47
1,101,44
1,109,51
1,95,47
1,106,49
1,87,48
1,90,41
1,101,52
1,101,54
1,94,48
1,103,46
1,85,46
1,102,56
1,98,51
1,102,56
1,97,45
1,98,47
1,104,47
1,102,43
1,97,48
1,94,42
1,86,48
1,102,45
1,99,43
1,101,42
1,103,52
1,112,56
1,89,50
1,95,47
1,103,53
1,103,41
1,98,50
1,84,41
1,86,45
1,110,42
1,96,54
1,102,52
1,109,50
1,94,56
1,107,47
1,100,51
1,94,45
1,106,49
1,108,59
1,95,40
1,92,50
1,99,47
1,107,56
1,100,42
1,94,47
1,102,44
1,109,51
1,96,46
1,106,49
1,105,35
1,87,47
1,90,41
1,100,55
1,94,48
1,102,46
1,86,46
1,102,56
1,98,50
1,102,56
1,97,45
1,98,47
1,102,43
1,97,48
1,94,43
1,86,48
1,102,45
1,99,43
1,103,42
1,103,52
1,112,56
1,89,50
1,95,47
1,103,54
1,103,42
1,99,50
1,83,41
1,86,45
1,110,42
1,96,54
1,102,52
1,108,50
1,94,56
1,109,47
1,100,51
1,95,45
1,105,49
1,108,59
1,94,40
1,92,50
1,99,47
1,108,56
1,100,42
1,94,48
1,101,44
1,109,51
1,96,47
1,107,49
1,108,42
1,87,47
1,91,41
1,100,54
1,94,48
1,102,46
1,87,47
1,103,56
1,99,51
1,102,56
1,76,38
1,98,44
1,98,47
1,103,43
1,98,47
1,95,44
1,71,34
1,86,47
1,103,45
1,98,43
1,101,42
1,102,52
1,112,56
1,90,50
1,96,47
1,103,55
1,104,42
1,99,50
1,85,41
1,87,44
1,110,42
1,96,54
1,103,52
1,109,51
1,94,56
1,108,48
1,99,51
1,95,44
1,108,59
1,95,40
1,92,50
1,100,47
1,108,56
1,101,42
1,94,47
1,100,45
1,108,50
1,95,47
1,107,49
1,109,44
1,87,47
1,89,41
1,100,54
1,94,48
1,88,47
1,102,46
1,103,56
1,98,51
1,102,56
1,81,39
1,98,44
1,98,47
1,104,43
1,97,48
1,94,45
1,74,36
1,86,48
1,102,45
1,102,42
1,98,43
1,103,52
1,112,56
1,90,50
1,94,46
1,104,55
1,103,43
1,100,50
1,85,41
1,87,44
1,110,42
1,96,54
1,103,51
1,109,51
1,95,56
1,109,48
1,99,51
1,94,45
1,108,59
1,94,40
1,93,50
1,100,47
1,107,57
1,101,42
1,95,47
1,101,45
1,97,46
1,106,49
1,109,45
1,88,47
1,90,41
1,100,54
1,94,48
1,87,47
1,102,46
1,102,56
1,99,51
1,102,55
1,82,40
1,98,44
1,97,47
1,103,44
1,97,48
1,94,45
1,78,37
1,85,47
1,102,46
1,102,42
1,99,43
1,102,52
1,112,56
1,89,50
1,95,46
1,105,54
1,103,42
1,99,50
1,84,41
1,86,44
1,111,42
1,95,54
1,103,52
1,86,43
1,109,51
1,95,56
1,109,48
1,99,51
1,94,45
1,108,59
1,94,40
1,72,28
1,92,50
1,100,47
1,108,57
1,100,43
1,94,47
1,102,44
1,96,47
1,106,49
1,109,46
1,87,47
1,90,41
1,100,55
1,93,48
1,87,47
1,102,46
1,103,56
1,99,51
1,102,55
1,82,40
1,96,44
1,98,47
1,103,44
1,97,48
1,94,45
1,81,38
1,86,47
1,103,46
1,102,42
1,99,43
1,103,52
1,111,56
1,90,50
1,94,47
1,105,55
1,104,43
1,99,50
1,84,41
1,86,45
1,111,42
1,96,46
1,102,52
1,108,51
1,96,55
1,110,48
1,99,51
1,95,45
1,108,59
1,95,40
1,99,40
1,92,50
1,100,48
1,107,57
1,100,43
1,95,47
1,102,45
1,95,47
1,106,49
1,110,46
1,87,48
1,90,41
1,101,54
1,93,48
1,87,46
1,102,46
1,103,56
1,99,51
1,101,55
1,84,40
1,97,45
1,97,47
1,103,43
1,98,47
1,93,46
1,81,38
1,85,46
1,103,46
1,102,42
1,99,44
1,51,34
1,102,52
1,91,50
1,95,46
1,106,54
1,105,43
1,98,50
1,85,41
1,86,45
1,110,43
1,97,48
1,102,52
1,109,51
1,95,56
1,109,48
1,99,51
1,95,45
1,107,59
1,96,40
1,104,41
1,93,50
1,100,48
1,107,57
1,100,43
1,95,47
1,102,46
1,96,47
1,106,49
1,109,46
1,92,47
1,87,48
1,90,41
1,101,54
1,94,48
1,88,47
1,102,46
1,103,55
1,100,50
1,82,40
1,98,44
1,98,48
1,103,44
1,97,48
1,95,46
1,81,39
1,85,46
1,103,46
1,102,42
1,100,43
1,89,39
1,103,52
1,90,50
1,95,47
1,105,55
1,103,43
1,99,50
1,84,41
1,86,44
1,110,43
1,96,49
1,103,52
1,108,51
1,95,56
1,110,48
1,99,51
1,95,45
1,94,40
1,104,43
1,92,50
1,100,47
1,108,57
1,100,43
1,95,47
1,102,45
1,96,47
1,106,49
1,110,46
1,98,48
1,87,48
1,87,41
1,101,55
1,93,48
1,87,47
1,102,46
1,103,55
1,99,51
1,84,41
1,97,44
1,98,48
1,103,44
1,98,47
1,90,50
1,94,46
1,83,39
1,84,45
1,103,46
1,102,42
1,99,44
1,91,41
1,102,52
1,90,50
1,94,46
1,106,54
1,103,43
1,99,50
1,85,42
1,86,45
1,110,43
1,98,49
1,102,52
1,110,51
1,95,56
1,110,48
1,98,51
1,95,45
1,96,40
1,106,43
1,92,50
1,100,48
1,107,57
1,101,44
1,95,48
1,102,45
1,96,47
1,106,49
1,110,46
1,99,48
1,88,47
1,101,55
1,94,48
1,88,47
1,102,46
1,103,55
1,99,51
1,86,46
1,83,40
1,97,45
1,98,47
1,104,44
1,98,48
1,92,50
1,94,45
1,83,39
1,102,46
1,100,42
1,99,44
1,92,42
1,103,52
1,90,50
1,94,47
1,105,55
1,103,43
1,99,50
1,86,41
1,87,44
1,111,43
1,97,49
1,103,52
1,109,51
1,95,56
1,110,49
1,98,51
1,95,45
1,94,41
1,56,39
1,107,43
1,92,50
1,100,48
1,107,57
1,101,44
1,95,48
1,103,46
1,96,48
1,109,46
1,99,49
1,88,47
1,101,55
1,93,48
1,88,47
1,102,46
1,102,56
1,100,50
1,88,47
1,84,40
1,96,45
1,98,48
1,103,44
1,97,48
1,92,50
1,94,45
1,83,39
1,103,46
1,102,42
1,99,44
1,92,42
1,102,52
1,90,50
1,95,46
1,105,54
1,103,43
1,99,50
1,84,41
1,86,44
1,110,43
1,75,41
1,98,49
1,103,52
1,109,51
1,96,56
1,110,49
1,100,50
1,95,45
1,94,41
1,89,47
1,108,43
1,94,50
1,100,48
1,107,57
1,101,44
1,96,48
1,103,46
1,98,47
1,110,46
1,99,49
1,87,47
1,101,54
1,93,48
1,87,47
1,101,46
1,103,56
1,99,51
1,87,47
1,84,40
1,95,45
1,99,48
1,104,44
1,98,48
1,92,51
1,94,46
1,82,39
1,102,46
1,103,42
1,98,44
1,92,43
1,102,52
1,90,50
1,95,46
1,105,55
1,103,44
1,99,50
1,85,41
1,87,44
1,111,43
1,88,45
1,98,50
1,103,52
1,109,51
1,95,56
1,110,48
1,98,51
1,95,45
1,94,40
1,96,48
1,106,43
1,92,50
1,100,48
1,108,57
1,101,44
1,95,48
1,103,46
1,96,48
1,109,46
1,99,49
1,87,48
1,101,55
1,93,48
1,87,47
1,102,46
1,103,55
1,99,51
1,89,47
1,84,40
1,96,44
1,97,48
1,105,44
1,97,48
1,92,51
1,95,46
1,84,39
1,103,46
1,102,42
1,99,44
1,92,44
1,55,39
1,102,51
1,91,50
1,95,47
1,106,55
1,103,44
1,100,50
1,83,42
1,87,44
1,111,43
1,90,45
1,98,50
1,103,52
1,96,56
1,110,48
1,100,50
1,95,45
1,94,41
1,97,48
1,107,43
1,94,50
1,100,48
1,108,57
1,101,44
1,94,48
1,103,46
1,98,48
1,111,46
1,100,49
1,57,38
1,88,47
1,90,47
1,100,55
1,93,49
1,101,46
1,103,55
1,100,51
1,89,47
1,84,41
1,95,44
1,98,47
1,103,44
1,98,48
1,92,51
1,95,46
1,83,39
1,103,46
1,100,42
1,98,44
1,92,44
1,67,42
1,90,50
1,95,47
1,106,54
1,104,44
1,99,50
1,84,41
1,86,44
1,110,44
1,91,46
1,98,50
1,102,52
1,95,56
1,110,49
1,99,50
1,95,45
1,95,40
1,98,49
1,106,43
1,94,50
1,100,48
1,108,57
1,99,44
1,94,48
1,103,46
1,97,48
1,111,46
1,100,49
1,87,46
1,87,48
1,88,47
1,100,55
1,92,48
1,101,46
1,103,55
1,100,51
1,89,48
1,83,41
1,95,44
1,98,48
1,89,50
1,104,44
1,98,48
1,92,51
1,94,46
1,82,40
1,102,47
1,100,42
1,99,44
1,92,44
1,97,46
1,90,50
1,95,47
1,105,55
1,103,44
1,100,50
1,84,41
1,88,44
1,110,43
1,90,46
1,98,50
1,102,52
1,95,56
1,110,49
1,100,50
1,95,45
1,94,41
1,98,49
1,107,44
1,93,50
1,101,48
1,108,57
1,100,44
1,95,48
1,104,47
1,97,48
1,109,47
1,99,49
1,97,46
1,88,48
1,81,45
1,100,55
1,93,48
1,88,47
1,101,46
1,104,55
1,99,51
1,88,48
1,84,41
1,99,48
1,97,51
1,104,44
1,97,48
1,93,51
1,94,46
1,84,40
1,103,46
1,102,42
1,99,44
1,93,44
1,100,46
1,91,50
1,96,47
1,105,55
1,103,44
1,99,50
1,84,40
1,88,44
1,61,42
1,111,44
1,91,46
1,98,50
1,103,52
1,97,56
1,110,49
1,100,50
1,95,45
1,94,41
1,99,49
1,108,43
1,92,50
1,100,48
1,108,57
1,100,43
1,95,48
1,102,47
1,98,48
1,109,47
1,100,49
1,100,47
1,87,48
1,103,47
1,100,55
1,93,48
1,87,47
1,101,46
1,103,56
1,99,52
1,89,48
1,84,41
1,98,48
1,91,52
1,104,45
1,98,48
1,93,51
1,95,46
1,84,40
1,103,46
1,100,44
1,101,42
1,93,44
1,100,47
1,91,50
1,96,47
1,105,54
1,104,44
1,100,50
1,87,44
1,89,51
1,111,44
1,91,46
1,98,50
1,101,52
1,95,56
1,110,49
1,60,35
1,100,50
1,96,45
1,94,41
1,99,49
1,108,44
1,92,50
1,100,48
1,107,58
1,77,32
1,95,48
1,102,47
1,97,48
1,109,47
1,100,50
1,100,47
1,88,48
1,104,48
1,101,47
1,100,55
1,87,47
1,103,55
1,100,51
1,88,48
1,85,41
1,98,48
1,98,52
1,104,45
1,98,49
1,93,51
1,94,46
1,84,40
1,103,46
1,100,44
1,100,42
1,93,44
1,100,47
1,91,50
1,95,47
1,105,55
1,104,44
1,100,50
1,86,44
1,96,52
1,110,44
1,91,46
1,98,51
1,102,51
1,91,47
1,96,56
1,109,49
1,99,50
1,95,45
1,94,40
1,98,49
1,107,44
1,93,50
1,100,48
1,108,57
1,95,42
1,95,48
1,103,47
1,97,48
1,110,47
1,99,49
1,101,47
1,88,48
1,104,49
1,88,47
1,101,47
1,101,55
1,103,55
1,100,52
1,88,48
1,84,41
1,98,48
1,98,51
1,103,45
1,98,48
1,93,51
1,65,33
1,94,46
1,83,40
1,102,47
1,100,44
1,100,42
1,92,44
1,101,47
1,97,39
1,92,50
1,96,47
1,104,55
1,104,44
1,100,50
1,87,43
1,97,52
1,111,44
1,91,46
1,98,50
1,102,51
1,93,47
1,96,56
1,110,49
1,101,49
1,95,45
1,93,40
1,99,49
1,108,44
1,94,50
1,101,48
1,108,57
1,98,44
1,95,48
1,103,46
1,97,48
1,109,47
1,101,49
1,101,47
1,88,48
1,106,50
1,88,47
1,101,47
1,100,55
1,103,56
1,100,52
1,88,48
1,84,41
1,97,48
1,98,51
1,104,44
1,98,49
1,94,51
1,87,44
1,94,46
1,84,40
1,103,47
1,100,44
1,100,41
1,93,44
1,101,47
1,97,41
1,92,51
1,96,47
1,104,55
1,104,44
1,100,50
1,86,43
1,99,52
1,111,44
1,91,46
1,98,51
1,102,51
1,94,48
1,96,56
1,110,49
1,99,50
1,96,45
1,99,49
1,107,44
1,94,50
1,100,48
1,109,57
1,100,44
1,94,48
1,103,47
1,97,48
1,110,47
1,100,49
1,102,47
1,88,48
1,62,45
1,105,50
1,88,47
1,101,47
1,100,55
1,103,55
1,100,52
1,89,48
1,85,41
1,97,48
1,98,52
1,104,44
1,99,49
1,93,51
1,92,44
1,94,47
1,83,40
1,103,47
1,100,44
1,93,44
1,101,47
1,99,42
1,92,51
1,97,47
1,104,55
1,104,44
1,100,50
1,99,52
1,110,45
1,91,46
1,98,51
1,102,52
1,95,48
1,95,56
1,110,49
1,98,50
1,95,45
1,99,49
1,108,44
1,93,50
1,101,48
1,108,57
1,100,45
1,95,48
1,104,47
1,98,48
1,110,48
1,100,49
1,101,47
1,88,48
1,90,48
1,105,51
1,90,47
1,101,47
1,101,55
1,103,55
1,101,52
1,89,48
1,36,34
1,84,41
1,98,48
1,94,52
1,104,44
1,99,49
1,93,52
1,93,45
1,94,46
1,83,40
1,103,47
1,100,44
1,93,45
1,100,48
1,99,43
1,92,51
1,96,47
1,105,54
1,104,44
1,100,50
1,100,52
1,112,44
1,91,46
1,106,53
1,98,51
1,102,52
1,96,48
1,95,56
1,111,49
1,98,50
1,95,45
1,99,49
1,108,44
1,93,50
1,100,48
1,108,57
1,100,45
1,94,48
1,104,47
1,98,48
1,110,48
1,101,49
1,102,47
1,88,48
1,92,48
1,105,51
1,88,48
1,101,47
1,100,55
1,99,46
1,103,55
1,100,52
1,88,48
1,84,41
1,98,48
1,94,52
1,99,49
1,93,52
1,94,44
1,95,47
1,84,40
1,103,47
1,100,44
1,93,45
1,75,32
1,100,48
1,100,43
1,92,50
1,96,47
1,104,55
1,103,44
1,100,50
1,99,52
1,111,45
1,91,47
1,109,54
1,98,51
1,103,51
1,96,48
1,96,56
1,110,49
1,98,50
1,96,45
1,99,49
1,108,44
1,93,50
1,58,40
1,100,49
1,108,57
1,100,45
1,95,48
1,104,47
1,98,48
1,110,48
1,100,50
1,102,47
1,88,48
1,92,49
1,106,51
1,90,47
1,101,47
1,98,53
1,99,47
1,104,55
1,100,52
1,89,48
1,84,41
1,97,48
1,93,52
1,98,49
1,93,51
1,94,45
1,95,46
1,83,40
1,104,47
1,100,44
1,93,45
1,96,46
1,100,48
1,99,43
1,92,51
1,95,47
1,105,54
1,103,44
1,99,50
1,100,52
1,112,45
1,91,47
1,111,55
1,99,51
1,103,51
1,95,49
1,95,56
1,111,49
1,99,50
1,98,49
1,108,44
1,85,49
1,92,50
1,101,48
1,109,57
1,101,46
1,94,48
1,104,47
1,97,48
1,111,48
1,101,49
1,102,47
1,88,48
1,93,49
1,106,51
1,88,48
1,102,47
1,100,48
1,103,55
1,101,52
1,89,48
1,84,41
1,98,48
1,92,53
1,99,49
1,94,51
1,93,45
1,95,46
1,83,41
1,103,47
1,100,45
1,93,45
1,104,46
1,101,48
1,100,44
1,92,51
1,96,47
1,105,54
1,103,44
1,100,50
1,99,52
1,111,45
1,92,47
1,109,56
1,99,51
1,103,51
1,96,49
1,95,56
1,110,49
1,98,50
1,99,49
1,109,44
1,92,50
1,94,50
1,100,49
1,108,57
1,100,46
1,104,48
1,97,48
1,110,49
1,100,50
1,55,40
1,103,47
1,88,48
1,93,49
1,106,51
1,91,47
1,101,47
1,99,48
1,104,55
1,100,52
1,88,48
1,84,41
1,97,48
1,94,52
1,99,49
1,94,51
1,94,45
1,95,46
1,84,40
1,103,47
1,100,44
1,93,45
1,104,46
1,100,48
1,100,44
1,92,51
1,95,48
1,105,54
1,100,50
1,99,53
1,112,45
1,91,47
1,110,56
1,99,51
1,103,51
1,95,49
1,95,56
1,111,49
1,99,50
1,99,49
1,107,44
1,93,50
1,93,50
1,101,48
1,108,57
1,101,46
1,105,48
1,99,48
1,110,49
1,100,49
1,86,49
1,103,47
1,87,49
1,93,49
1,106,51
1,90,47
1,101,47
1,100,48
1,103,55
1,101,52
1,88,48
1,83,41
1,98,48
1,93,53
1,99,49
1,94,51
1,93,45
1,94,47
1,84,40
1,103,47
1,100,44
1,93,45
1,105,47
1,99,48
1,100,44
1,92,51
1,96,48
1,105,54
1,99,50
1,101,53
1,110,45
1,91,47
1,110,56
1,98,51
1,103,51
1,96,49
1,96,56
1,110,49
1,99,49
1,99,49
1,109,44
1,93,50
1,94,50
1,101,49
1,108,57
1,100,46
1,105,48
1,98,48
1,111,50
1,100,50
1,98,50
1,102,47
1,88,49
1,93,49
1,107,51
1,90,47
1,100,47
1,100,48
1,103,55
1,100,52
1,88,48
1,84,42
1,98,48
1,93,53
1,89,45
1,98,49
1,94,51
1,94,45
1,94,47
1,84,41
1,103,47
1,100,45
1,93,45
1,105,47
1,100,48
1,100,44
1,92,51
1,96,48
1,105,54
1,99,50
1,56,41
1,100,53
1,112,45
1,91,47
1,110,56
1,98,51
1,102,51
1,96,49
1,95,56
1,110,49
1,78,46
1,99,49
1,99,49
1,108,45
1,94,50
1,93,50
1,101,49
1,109,57
1,100,46
1,105,48
1,97,48
1,111,50
1,100,50
1,99,51
1,101,47
1,88,49
1,93,49
1,107,51
1,89,48
1,101,47
1,100,48
1,104,55
1,100,52
1,89,48
1,98,48
1,83,42
1,98,48
1,93,53
1,90,45
1,98,49
1,94,51
1,94,45
1,95,47
1,84,41
1,103,47
1,100,44
1,74,47
1,93,45
1,106,47
1,100,48
1,100,44
1,92,51
1,96,48
1,105,54
1,100,50
1,93,50
1,100,53
1,110,46
1,92,47
1,110,56
1,99,51
1,102,51
1,96,49
1,96,56
1,110,50
1,90,48
1,99,49
1,99,49
1,108,45
1,95,50
1,93,50
1,102,48
1,109,57
1,100,45
1,105,49
1,97,48
1,111,51
1,100,50
1,101,51
1,101,48
1,87,49
1,93,48
1,107,51
1,90,48
1,99,47
1,99,49
1,103,55
1,101,52
1,99,49
1,89,48
1,84,42
1,97,48
1,93,53
1,91,46
1,100,50
1,94,51
1,94,45
1,95,46
1,84,41
1,103,47
1,100,44
1,95,55
1,93,45
1,106,47
1,100,48
1,101,45
1,92,51
1,96,48
1,105,55
1,99,49
1,96,50
1,100,53
1,111,46
1,91,47
1,110,56
1,99,51
1,103,51
1,96,49
1,96,56
1,111,50
1,91,49
1,98,49
1,99,49
1,108,45
1,94,50
1,94,50
1,102,49
1,108,58
1,100,46
1,105,49
1,97,48
1,110,52
1,101,50
1,103,51
1,102,48
1,88,48
1,93,48
1,107,51
1,90,47
1,99,49
1,103,55
1,88,49
1,101,52
1,99,50
1,84,42
1,97,48
1,93,53
1,92,46
1,99,50
1,93,51
1,94,45
1,95,47
1,85,41
1,103,47
1,99,55
1,93,45
1,106,47
1,100,48
1,101,44
1,93,51
1,96,48
1,105,55
1,99,49
1,96,51
1,100,53
1,112,46
1,92,47
1,110,57
1,99,51
1,103,51
1,96,49
1,95,56
1,111,49
1,91,49
1,99,49
1,108,45
1,95,50
1,93,50
1,101,49
1,109,57
1,100,45
1,105,48
1,90,47
1,112,52
1,100,50
1,103,51
1,102,48
1,40,24
1,88,49
1,93,49
1,108,51
1,91,48
1,100,49
1,104,55
1,89,49
1,101,52
1,100,50
1,84,42
1,97,48
1,93,53
1,92,46
1,99,50
1,93,52
1,94,45
1,95,47
1,84,41
1,103,47
1,99,55
1,93,46
1,106,48
1,100,48
1,100,45
1,93,51
1,96,48
1,106,55
1,97,51
1,100,53
1,110,46
1,92,47
1,110,57
1,99,52
1,102,51
1,96,49
1,95,56
1,110,50
1,92,49
1,100,49
1,109,45
1,95,50
1,93,50
1,101,49
1,108,58
1,25,23
1,101,46
1,105,49
1,110,53
1,101,50
1,89,44
1,104,51
1,102,48
1,88,49
1,93,48
1,108,51
1,90,48
1,99,48
1,103,55
1,101,52
1,100,50
1,89,48
1,84,42
1,98,48
1,93,53
1,91,46
1,100,50
1,93,52
1,94,45
1,95,47
1,85,41
1,103,47
1,99,56
1,93,45
1,107,47
1,100,48
1,101,45
1,93,51
1,96,48
1,105,55
1,97,51
1,100,53
1,110,46
1,92,47
1,111,56
1,99,51
1,104,51
1,97,49
1,95,56
1,111,49
1,93,49
1,99,49
1,109,45
1,95,50
1,93,50
1,101,49
1,88,41
1,108,57
1,101,46
1,104,49
1,111,53
1,101,50
1,92,46
1,103,51
1,103,47
1,87,49
1,93,48
1,107,51
1,91,48
1,100,48
1,104,55
1,89,48
1,100,52
1,100,50
1,84,51
1,84,42
1,98,48
1,93,53
1,92,46
1,99,50
1,93,52
1,94,45
1,94,47
1,85,41
1,103,47
1,100,56
1,94,45
1,107,47
1,100,48
1,100,45
1,92,51
1,96,47
1,105,55
1,97,51
1,100,53
1,110,46
1,92,46
1,110,57
1,99,51
1,104,51
1,97,49
1,95,55
1,111,50
1,92,50
1,99,49
1,109,45
1,95,50
1,93,50
1,101,49
1,89,42
1,108,57
1,101,46
1,105,48
1,111,53
1,101,50
1,93,47
1,103,51
1,104,47
1,88,48
1,93,48
1,107,51
1,88,48
1,99,48
1,104,55
1,89,49
1,100,52
1,99,50
1,96,53
1,83,42
1,97,48
1,93,53
1,92,46
1,100,49
1,93,52
1,94,45
1,95,47
1,85,41
1,103,46
1,99,56
1,35,24
1,94,45
1,105,48
1,100,48
1,100,45
1,93,51
1,95,47
1,106,55
1,61,34
1,98,51
1,101,53
1,111,46
1,91,47
1,110,57
1,98,52
1,103,51
1,97,49
1,94,55
1,111,50
1,92,50
1,99,49
1,110,45
1,94,50
1,92,51
1,101,49
1,90,43
1,108,57
1,102,46
1,21,18
1,105,49
1,39,24
1,111,53
1,101,50
1,94,47
1,104,51
1,103,47
1,88,48
1,93,48
1,108,51
1,90,47
1,99,49
1,104,55
1,89,49
1,100,52
1,100,50
1,95,54
1,83,42
1,97,48
1,93,53
1,92,46
1,101,49
1,93,52
1,94,45
1,95,47
1,84,41
1,93,41
1,100,56
1,94,46
1,106,48
1,100,48
1,100,45
1,94,51
1,95,47
1,105,55
1,88,39
1,97,52
1,100,53
1,111,47
1,92,47
1,111,57
1,99,52
1,103,51
1,96,49
1,110,50
1,93,50
1,99,49
1,109,45
1,94,50
1,93,51
1,101,49
1,91,43
1,108,57
1,101,46
1,75,29
1,104,49
1,111,54
1,100,51
1,95,46
1,103,51
1,103,47
1,87,49
1,93,48
1,108,52
1,90,48
1,99,48
1,104,55
1,87,49
1,101,52
1,100,50
1,96,54
1,83,42
1,98,48
1,93,53
1,92,46
1,100,49
1,93,52
1,95,45
1,95,47
1,85,41
1,96,44
1,99,56
1,93,46
1,106,48
1,100,48
1,100,45
1,93,51
1,105,55
1,93,40
1,98,51
1,58,32
1,100,53
1,111,47
1,92,47
1,109,57
1,99,51
1,102,51
1,96,49
1,81,43
1,111,50
1,93,50
1,99,49
1,110,45
1,95,50
1,93,51
1,101,49
1,91,43
1,108,57
1,101,46
1,84,33
1,105,49
1,111,54
1,19,17
1,100,51
1,95,47
1,103,51
1,104,47
1,93,48
1,109,51
1,90,47
1,99,49
1,103,56
1,89,49
1,99,51
1,96,54
1,84,42
1,97,48
1,93,53
1,92,46
1,100,50
1,93,52
1,95,45
1,95,47
1,84,41
1,96,46
1,100,56
1,93,46
1,106,48
1,100,48
1,100,45
1,93,51
1,105,55
1,95,41
1,97,52
1,71,39
1,101,53
1,111,47
1,92,47
1,110,57
1,100,51
1,103,51
1,92,44
1,96,49
1,111,50
1,93,50
1,99,49
1,110,45
1,95,50
1,93,50
1,102,49
1,91,43
1,107,57
1,101,46
1,104,36
1,105,49
1,111,54
1,101,51
1,95,47
1,103,51
1,104,47
1,92,48
1,108,52
1,90,48
1,99,49
1,104,56
1,87,49
1,100,50
1,88,44
1,96,54
1,84,42
1,97,47
1,93,53
1,91,46
1,100,50
1,93,52
1,95,45
1,94,47
1,85,42
1,98,47
1,99,56
1,94,46
1,107,48
1,100,48
1,100,45
1,93,51
1,105,55
1,97,41
1,97,52
1,83,40
1,100,54
1,111,47
1,92,47
1,110,56
1,100,52
1,102,51
1,91,45
1,96,49
1,111,50
1,93,50
1,99,49
1,109,45
1,95,50
1,93,50
1,101,49
1,91,44
1,101,47
1,104,37
1,106,48
1,111,54
1,101,50
1,96,47
1,102,51
1,104,47
1,93,49
1,108,52
1,88,48
1,100,48
1,104,55
1,87,49
1,99,51
1,92,45
1,97,54
1,83,42
1,97,47
1,93,54
1,91,46
1,100,49
1,94,52
1,94,45
1,94,47
1,85,42
1,98,47
1,60,45
1,100,56
1,94,46
1,107,48
1,100,48
1,101,45
1,93,51
1,105,55
1,97,42
1,97,52
1,85,40
1,101,53
1,111,47
1,92,47
1,110,57
1,99,52
1,102,51
1,93,45
1,96,50
1,111,50
1,93,50
1,99,49
1,73,32
1,110,45
1,93,50
1,94,50
1,102,49
1,91,43
1,101,47
1,104,37
1,105,49
1,111,54
1,101,51
1,95,47
1,102,51
1,104,48
1,94,49
1,109,52
1,89,48
1,100,48
1,103,55
1,88,49
1,99,50
1,94,45
1,97,54
1,83,42
1,96,47
1,95,54
1,91,46
1,100,49
1,94,52
1,95,45
1,94,47
1,84,42
1,78,50
1,98,48
1,100,56
1,93,46
1,107,48
1,99,49
1,101,46
1,91,51
1,51,34
1,104,55
1,99,42
1,97,52
1,85,41
1,100,53
1,111,47
1,92,47
1,111,57
1,100,52
1,92,46
1,94,45
1,96,50
1,111,50
1,93,50
1,99,49
1,100,43
1,109,46
1,94,50
1,92,50
1,102,49
1,90,44
1,101,47
1,104,37
1,104,49
1,111,54
1,102,51
1,96,46
1,104,51
1,104,48
1,93,49
1,89,45
1,109,52
1,89,48
1,100,48
1,104,55
1,88,49
1,99,50
1,95,45
1,98,54
1,83,42
1,93,54
1,91,46
1,99,49
1,93,52
1,95,45
1,94,47
1,84,42
1,81,50
1,99,48
1,99,56
1,94,46
1,107,48
1,99,49
1,101,46
1,95,47
1,91,50
1,105,54
1,99,42
1,98,52
1,86,41
1,101,53
1,112,47
1,92,47
1,110,57
1,100,52
1,54,45
1,93,46
1,97,50
1,111,50
1,93,50
1,98,49
1,101,44
1,109,46
1,93,49
1,95,50
1,101,49
1,90,44
1,102,47
1,104,37
1,103,48
1,110,54
1,101,51
1,95,47
1,104,51
1,104,47
1,93,49
1,57,41
1,92,45
1,109,52
1,90,47
1,99,48
1,97,52
1,88,49
1,99,51
1,94,46
1,97,54
1,83,43
1,94,54
1,92,46
1,100,49
1,93,52
1,94,46
1,95,47
1,85,42
1,84,51
1,98,48
1,99,57
1,94,46
1,107,49
1,100,48
1,101,46
1,96,48
1,105,54
1,100,42
1,98,51
1,85,42
1,100,53
1,109,47
1,91,47
1,110,57
1,99,52
1,94,52
1,92,46
1,97,50
1,110,50
1,93,50
1,99,50
1,104,44
1,109,46
1,95,51
1,91,49
1,101,49
1,91,44
1,101,46
1,105,38
1,103,48
1,111,54
1,101,52
1,97,46
1,105,51
1,103,48
1,93,49
1,82,40
1,93,46
1,109,52
1,90,48
1,99,48
1,88,49
1,98,51
1,96,45
1,96,54
1,83,42
1,93,54
1,20,18
1,91,46
1,98,49
1,93,52
1,95,45
1,93,47
1,85,42
1,88,50
1,98,49
1,40,31
1,99,57
1,93,46
1,107,48
1,99,48
1,101,46
1,96,48
1,104,54
1,101,42
1,76,39
1,98,51
1,86,42
1,100,53
1,111,46
1,91,47
1,110,57
1,99,52
1,99,53
1,93,47
1,96,50
1,110,50
1,93,50
1,99,49
1,104,44
1,109,46
1,95,51
1,101,49
1,91,44
1,101,47
1,18,17
1,105,38
1,110,54
1,101,52
1,95,47
1,104,51
1,104,47
1,94,49
1,80,40
1,93,45
1,110,52
1,89,48
1,100,48
1,88,49
1,99,51
1,96,46
1,96,54
1,83,42
1,97,51
1,94,54
1,92,46
1,93,52
1,95,45
1,93,47
1,84,42
1,97,52
1,90,50
1,98,49
1,99,56
1,94,46
1,107,49
1,99,49
1,101,46
1,97,48
1,104,55
1,101,42
1,93,46
1,98,51
1,86,42
1,101,53
1,109,46
1,92,47
1,111,56
1,99,52
1,100,53
1,94,47
1,97,50
1,110,50
1,92,50
1,99,50
1,104,44
1,109,46
1,95,51
1,100,49
1,91,44
1,101,47
1,76,43
1,104,38
1,111,54
1,102,51
1,96,47
1,106,51
1,105,48
1,93,49
1,78,42
1,95,46
1,110,52
1,89,48
1,100,48
1,88,49
1,99,51
1,96,45
1,97,54
1,83,42
1,98,51
1,94,54
1,92,46
1,93,52
1,95,45
1,93,47
1,84,42
1,98,53
1,95,49
1,99,49
1,99,56
1,94,46
1,107,49
1,99,48
1,101,46
1,97,48
1,104,54
1,102,43
1,96,48
1,98,52
1,86,42
1,100,53
1,92,47
1,111,57
1,99,52
1,101,54
1,93,47
1,97,50
1,110,50
1,93,50
1,99,49
1,105,45
1,109,46
1,95,51
1,100,49
1,90,44
1,102,47
1,93,47
1,105,38
1,111,54
1,101,52
1,96,47
1,104,51
1,104,48
1,93,49
1,79,42
1,95,45
1,110,52
1,90,47
1,99,48
1,99,51
1,89,49
1,96,46
1,97,54
1,83,43
1,98,51
1,93,54
1,92,46
1,94,52
1,94,46
1,94,47
1,85,42
1,98,54
1,96,49
1,99,49
1,99,57
1,93,46
1,107,49
1,98,48
1,101,46
1,97,48
1,104,54
1,101,43
1,97,49
1,99,51
1,87,42
1,100,53
1,92,47
1,110,57
1,100,52
1,101,54
1,94,47
1,96,50
1,110,50
1,93,50
1,98,50
1,105,44
1,109,46
1,95,51
1,99,49
1,91,44
1,102,47
1,96,48
1,104,38
1,111,54
1,102,52
1,96,47
1,104,51
1,105,48
1,93,49
1,81,42
1,95,46
1,109,52
1,88,47
1,99,49
1,99,51
1,87,49
1,95,46
1,97,55
1,83,43
1,99,51
1,92,54
1,92,46
1,93,52
1,95,46
1,93,46
1,85,42
1,99,54
1,96,49
1,99,49
1,99,56
1,94,46
1,108,49
1,99,48
1,101,46
1,97,48
1,103,54
1,101,43
1,98,50
1,98,51
1,87,42
1,101,53
1,92,47
1,110,57
1,100,52
1,101,54
1,95,46
1,97,50
1,109,50
1,93,50
1,98,50
1,105,45
1,109,46
1,95,51
1,90,44
1,102,47
1,98,48
1,105,38
1,111,54
1,101,52
1,96,47
1,104,51
1,105,48
1,93,49
1,81,42
1,95,46
1,110,52
1,99,49
1,100,51
1,87,49
1,95,45
1,97,55
1,83,43
1,99,51
1,93,54
1,92,46
1,93,52
1,94,46
1,92,46
1,85,42
1,99,54
1,96,49
1,100,49
1,99,56
1,94,46
1,108,49
1,99,48
1,101,47
1,97,48
1,102,53
1,102,43
1,98,50
1,98,51
1,87,42
1,100,53
1,92,47
1,111,57
1,100,52
1,101,55
1,94,47
1,97,50
1,93,50
1,99,49
1,105,44
1,109,46
1,95,51
1,90,44
1,102,47
1,99,48
1,104,38
1,110,54
1,101,52
1,96,47
1,104,51
1,104,48
1,93,49
1,81,42
1,95,45
1,110,52
1,99,49
1,100,51
1,87,49
1,94,46
1,97,55
1,83,43
1,99,51
1,94,54
1,91,46
1,93,52
1,94,46
1,84,42
1,100,54
1,97,49
1,99,50
1,99,57
1,93,46
1,108,49
1,99,49
1,101,47
1,98,48
1,102,43
1,98,51
1,98,52
1,87,42
1,101,53
1,92,47
1,110,57
1,99,52
1,101,54
1,94,47
1,97,50
1,93,50
1,98,50
1,106,44
1,109,46
1,95,51
1,90,44
1,102,47
1,99,49
1,104,38
1,110,54
1,101,52
1,97,47
1,103,51
1,105,48
1,93,49
1,81,42
1,96,45
1,110,52
1,99,48
1,100,51
1,88,49
1,95,46
1,97,55
1,83,43
1,98,51
1,93,54
1,92,46
1,94,52
1,94,45
1,83,42
1,99,54
1,96,50
1,100,49
1,99,56
1,93,46
1,108,50
1,98,49
1,101,47
1,98,48
1,100,43
1,99,51
1,98,52
1,88,42
1,100,54
1,92,47
1,110,57
1,99,52
1,101,54
1,95,47
1,97,50
1,94,50
1,99,49
1,105,44
1,110,46
1,95,51
1,90,44
1,101,47
1,101,48
1,105,38
1,101,52
1,96,48
1,103,51
1,104,48
1,94,49
1,81,42
1,95,45
1,110,52
1,99,48
1,100,51
1,87,49
1,96,46
1,97,55
1,82,43
1,98,52
1,93,54
1,92,46
1,93,52
1,95,45
1,84,42
1,100,54
1,96,50
1,100,49
1,98,57
1,93,46
1,108,50
1,99,48
1,101,47
1,98,48
1,101,43
1,99,52
1,99,52
1,88,42
2,93,45
2,114,44
2,133,29
2,64,28
2,63,26
2,200,41
2,86,39
2,49,23
2,113,29
2,91,41
2,63,27
2,76,31
2,106,41
2,70,30
2,54,36
2,130,35
2,62,30
2,120,50
2,62,31
2,61,30
2,78,28
2,66,34
2,87,41
2,144,52
2,67,32
2,33,20
2,65,31
2,68,29
2,20,17
2,64,28
2,73,30
2,94,41
2,63,29
2,86,43
2,68,34
2,63,31
2,76,32
2,101,42
2,155,37
2,67,31
2,76,25
2,75,28
2,70,33
2,31,19
2,64,29
2,68,33
2,63,23
2,78,49
2,60,29
2,102,41
2,106,49
2,92,45
2,114,44
2,128,29
2,63,28
2,62,26
2,200,41
2,87,39
2,47,23
2,113,29
2,92,41
2,62,27
2,107,42
2,76,33
2,69,30
2,54,36
2,129,35
2,61,30
2,122,50
2,62,31
2,64,31
2,82,28
2,65,33
2,87,41
2,145,52
2,67,33
2,28,19
2,66,31
2,68,30
2,23,18
2,63,28
2,74,30
2,95,40
2,64,29
2,87,43
2,69,33
2,62,31
2,76,32
2,102,42
2,157,36
2,66,31
2,71,25
2,73,28
2,68,33
2,34,19
2,64,29
2,45,19
2,68,33
2,17,15
2,78,49
2,50,26
2,61,29
2,102,41
2,107,49
2,94,46
2,114,44
2,125,36
2,123,30
2,64,28
2,62,26
2,200,41
2,87,39
2,50,23
2,114,29
2,92,41
2,62,27
2,107,42
2,76,33
2,70,30
2,54,35
2,130,35
2,61,30
2,119,50
2,62,31
2,62,30
2,85,28
2,65,34
2,86,41
2,143,52
2,66,32
2,28,20
2,65,31
2,69,30
2,23,18
2,63,28
2,73,30
2,95,40
2,63,29
2,86,43
2,68,34
2,63,31
2,77,32
2,102,42
2,155,37
2,67,31
2,76,25
2,76,28
2,68,32
2,64,29
2,28,19
2,50,21
2,68,33
2,95,40
2,18,16
2,80,48
2,49,26
2,60,29
2,102,41
2,107,49
2,94,46
2,115,44
2,163,61
2,130,29
2,64,28
2,62,26
2,200,41
2,88,39
2,46,23
2,114,29
2,92,41
2,60,26
2,107,42
2,76,33
2,69,30
2,54,36
2,128,35
2,62,28
2,62,30
2,121,50
2,62,31
2,61,31
2,83,28
2,65,34
2,87,42
2,144,52
2,66,32
2,30,20
2,65,32
2,68,30
2,20,17
2,63,28
2,74,30
2,95,40
2,63,29
2,87,43
2,68,34
2,63,31
2,77,32
2,102,42
2,154,36
2,66,31
2,73,25
2,74,28
2,69,33
2,31,19
2,65,29
2,52,21
2,68,33
2,96,40
2,17,15
2,79,49
2,50,26
2,60,29
2,102,41
2,107,49
2,93,45
2,114,44
2,164,61
2,132,29
2,63,28
2,62,26
2,201,41
2,87,39
2,50,23
2,114,29
2,91,41
2,62,27
2,107,42
2,76,33
2,70,30
2,54,36
2,130,34
2,64,29
2,61,30
2,121,50
2,62,31
2,62,31
2,86,28
2,65,34
2,87,41
2,143,52
2,30,20
2,66,32
2,65,32
2,70,30
2,26,19
2,63,28
2,73,31
2,94,41
2,63,30
2,87,43
2,69,33
2,63,31
2,76,32
2,101,42
2,155,37
2,66,31
2,75,25
2,76,28
2,69,32
2,34,20
2,64,29
2,53,21
2,66,33
2,97,41
2,63,24
2,79,49
2,61,29
2,102,41
2,107,49
2,94,46
2,114,44
2,162,62
2,123,30
2,64,28
2,62,26
2,201,41
2,87,39
2,46,23
2,113,29
2,92,40
2,61,26
2,107,42
2,78,33
2,70,30
2,53,37
2,128,34
2,66,29
2,62,30
2,119,50
2,64,31
2,60,31
2,86,28
2,65,33
2,87,41
2,143,52
2,66,32
2,33,20
2,85,52
2,66,32
2,68,30
2,23,18
2,62,28
2,73,31
2,94,41
2,64,29
2,88,43
2,68,34
2,63,31
2,77,32
2,102,42
2,158,36
2,67,31
2,76,28
2,67,24
2,68,33
2,34,20
2,63,29
2,53,21
2,66,33
2,97,41
2,63,25
2,79,49
2,61,29
2,102,41
2,106,49
2,93,45
2,114,44
2,162,62
2,126,29
2,64,28
2,62,26
2,135,40
2,87,39
2,78,37
2,46,22
2,113,29
2,92,41
2,62,26
2,77,33
2,108,42
2,70,29
2,54,36
2,128,35
2,66,30
2,62,30
2,121,50
2,64,31
2,61,30
2,88,28
2,65,34
2,86,42
2,144,51
2,66,32
2,30,20
2,90,55
2,66,32
2,70,30
2,23,19
2,63,28
2,74,31
2,94,41
2,63,29
2,87,43
2,69,33
2,62,31
2,77,32
2,102,42
2,153,37
2,67,31
2,73,28
2,62,25
2,69,33
2,31,19
2,63,29
2,53,21
2,115,55
2,68,34
2,97,41
2,64,25
2,78,49
2,60,29
2,101,41
2,106,49
2,93,46
2,114,44
2,163,62
2,129,29
2,63,27
2,61,25
2,200,41
2,87,39
2,47,22
2,114,29
2,91,41
2,61,26
2,65,32
2,108,42
2,77,33
2,69,29
2,54,36
2,128,34
2,66,30
2,61,30
2,120,51
2,64,31
2,62,30
2,85,28
2,65,34
2,87,41
2,141,52
2,33,20
2,66,32
2,93,56
2,66,32
2,70,30
2,23,18
2,64,28
2,74,31
2,94,41
2,63,30
2,87,43
2,69,33
2,63,31
2,76,32
2,101,42
2,155,36
2,67,31
2,73,28
2,62,25
2,69,33
2,31,19
2,64,29
2,53,21
2,116,55
2,67,33
2,97,41
2,63,25
2,81,48
2,61,29
2,102,41
2,107,49
2,17,16
2,93,46
2,114,44
2,162,61
2,129,29
2,63,27
2,61,25
2,202,41
2,87,40
2,47,23
2,114,29
2,92,41
2,63,26
2,66,33
2,77,33
2,108,42
2,69,30
2,52,36
2,130,34
2,57,25
2,66,30
2,61,30
2,121,51
2,65,31
2,63,30
2,87,29
2,65,34
2,142,51
2,87,42
2,66,32
2,94,57
2,31,20
2,65,32
2,70,30
2,26,19
2,63,28
2,73,31
2,94,41
2,64,29
2,87,43
2,69,33
2,63,31
2,77,32
2,102,42
2,155,36
2,67,31
2,73,29
2,61,25
2,69,33
2,32,20
2,65,29
2,50,21
2,116,55
2,67,33
2,97,42
2,65,25
2,79,49
2,60,29
2,101,41
2,107,49
2,93,46
2,114,44
2,164,61
2,133,29
2,63,27
2,62,26
2,201,41
2,87,39
2,46,22
2,113,30
2,91,40
2,62,26
2,67,34
2,76,33
2,107,42
2,70,30
2,53,37
2,128,34
2,57,26
2,65,31
2,62,30
2,121,50
2,65,31
2,62,30
2,86,28
2,65,34
2,142,51
2,87,41
2,36,20
2,66,32
2,93,57
2,65,31
2,68,30
2,26,19
2,63,28
2,73,31
2,95,41
2,64,29
2,88,43
2,68,33
2,63,31
2,76,32
2,81,38
2,102,42
2,153,36
2,66,32
2,79,29
2,67,24
2,69,33
2,36,20
2,65,29
2,53,21
2,117,55
2,66,33
2,97,41
2,64,25
2,79,49
2,61,30
2,102,42
2,108,49
2,93,45
2,114,44
2,164,61
2,131,29
2,63,27
2,62,25
2,200,41
2,87,39
2,46,22
2,114,29
2,91,40
2,61,27
2,67,34
2,77,33
2,108,42
2,70,30
2,53,36
2,129,34
2,57,27
2,66,30
2,61,30
2,122,50
2,65,31
2,61,30
2,90,28
2,66,34
2,75,38
2,141,51
2,87,41
2,66,32
2,31,20
2,93,57
2,66,32
2,70,30
2,23,18
2,64,28
2,73,31
2,95,41
2,65,30
2,88,43
2,69,33
2,64,31
2,77,32
2,83,38
2,101,41
2,152,36
2,66,31
2,77,29
2,65,25
2,69,33
2,52,26
2,30,19
2,65,29
2,52,21
2,118,55
2,68,33
2,97,42
2,79,49
2,51,25
2,61,29
2,103,41
2,107,49
2,92,46
2,114,44
2,163,61
2,134,29
2,63,27
2,61,25
2,201,41
2,87,39
2,46,22
2,114,30
2,91,40
2,62,27
2,67,34
2,76,33
2,108,42
2,70,30
2,53,37
2,127,34
2,58,27
2,65,30
2,61,30
2,122,50
2,64,31
2,63,30
2,86,28
2,66,34
2,76,39
2,141,51
2,87,41
2,66,32
2,36,20
2,95,57
2,66,32
2,29,20
2,70,30
2,42,25
2,63,28
2,73,31
2,95,40
2,64,30
2,88,43
2,69,33
2,64,31
2,77,32
2,83,38
2,101,42
2,154,36
2,66,31
2,79,29
2,68,24
2,68,32
2,64,27
2,31,19
2,64,29
2,54,21
2,68,33
2,118,55
2,97,42
2,66,26
2,79,49
2,61,29
2,103,41
2,107,49
2,90,46
2,92,45
2,114,44
2,164,61
2,131,29
2,63,27
2,61,25
2,202,41
2,87,39
2,46,22
2,114,30
2,91,40
2,62,26
2,68,34
2,108,42
2,77,33
2,71,30
2,53,36
2,129,34
2,59,28
2,66,31
2,61,30
2,122,50
2,64,31
2,57,30
2,86,29
2,65,34
2,76,39
2,142,50
2,87,41
2,66,32
2,33,20
2,95,58
2,66,32
2,70,30
2,26,19
2,59,32
2,62,28
2,74,31
2,94,40
2,64,30
2,87,43
2,68,33
2,63,31
2,77,32
2,84,39
2,101,41
2,154,36
2,66,31
2,78,29
2,66,24
2,69,32
2,64,28
2,34,20
2,64,29
2,48,21
2,66,34
2,118,55
2,97,42
2,65,25
2,79,49
2,61,29
2,101,42
2,108,49
2,90,47
2,92,45
2,114,44
2,163,61
2,132,29
2,61,27
2,61,25
2,202,41
2,87,39
2,46,22
2,114,30
2,90,40
2,62,26
2,67,35
2,108,42
2,76,33
2,71,30
2,53,36
2,129,34
2,60,28
2,66,31
2,61,30
2,121,51
2,65,31
2,55,29
2,90,28
2,66,34
2,76,39
2,87,41
2,33,20
2,65,32
2,95,58
2,67,32
2,69,30
2,26,19
2,63,34
2,62,27
2,74,31
2,95,40
2,64,30
2,87,43
2,68,33
2,62,31
2,78,32
2,84,39
2,101,42
2,148,36
2,66,31
2,78,29
2,56,24
2,69,32
2,64,28
2,31,19
2,64,29
2,48,21
2,67,33
2,118,55
2,97,42
2,64,26
2,79,48
2,61,30
2,101,42
2,108,49
2,91,47
2,92,45
2,114,44
2,165,61
2,134,29
2,62,27
2,61,25
2,193,40
2,87,39
2,47,22
2,114,29
2,62,27
2,68,34
2,76,33
2,109,42
2,70,30
2,53,36
2,127,34
2,60,28
2,66,30
2,62,30
2,122,50
2,64,31
2,88,29
2,66,34
2,76,39
2,65,30
2,87,41
2,36,21
2,66,32
2,96,59
2,66,32
2,69,30
2,26,19
2,64,36
2,62,27
2,74,31
2,94,41
2,65,30
2,89,43
2,67,32
2,62,31
2,77,32
2,85,40
2,101,42
2,67,32
2,78,29
2,57,24
2,68,32
2,64,28
2,37,20
2,64,29
2,48,21
2,68,33
2,118,55
2,97,42
2,65,26
2,79,48
2,61,29
2,102,42
2,109,49
2,92,47
2,92,45
2,113,44
2,165,61
2,126,29
2,63,27
2,18,17
2,59,25
2,201,41
2,87,39
2,45,22
2,114,29
2,61,27
2,68,34
2,77,33
2,109,42
2,70,30
2,52,36
2,128,34
2,60,28
2,66,30
2,61,30
2,121,51
2,64,31
2,90,28
2,65,34
2,76,39
2,69,31
2,87,42
2,65,31
2,95,59
2,32,20
2,66,32
2,69,30
2,26,19
2,64,36
2,33,21
2,75,31
2,93,42
2,65,30
2,88,43
2,68,33
2,62,31
2,77,32
2,85,39
2,100,42
2,67,32
2,78,29
2,60,24
2,68,32
2,64,29
2,34,20
2,64,29
2,49,21
2,66,33
2,119,55
2,97,42
2,65,26
2,79,49
2,61,29
2,101,42
2,108,49
2,92,48
2,92,45
2,113,44
2,166,61
2,130,29
2,62,28
2,202,41
2,86,39
2,45,22
2,113,30
2,62,26
2,68,35
2,109,42
2,77,33
2,71,30
2,52,36
2,127,34
2,59,28
2,65,30
2,61,29
2,121,51
2,48,24
2,64,31
2,87,29
2,65,34
2,77,40
2,70,32
2,87,41
2,36,20
2,65,31
2,96,59
2,65,32
2,30,20
2,68,30
2,65,36
2,74,31
2,94,41
2,65,30
2,88,43
2,67,32
2,62,31
2,78,33
2,84,39
2,101,42
2,67,32
2,80,29
2,61,24
2,64,29
2,36,20
2,64,29
2,52,22
2,67,33
2,118,55
2,97,42
2,64,26
2,79,49
2,63,29
2,100,42
2,107,49
2,92,48
2,17,16
2,91,45
2,114,44
2,164,61
2,126,30
2,61,27
2,146,46
2,17,16
2,201,41
2,87,39
2,46,22
2,114,29
2,62,27
2,69,34
2,108,42
2,77,33
2,70,30
2,51,36
2,128,34
2,60,28
2,66,31
2,121,50
2,68,28
2,63,31
2,89,29
2,65,34
2,76,39
2,71,32
2,87,41
2,30,20
2,65,31
2,96,59
2,67,32
2,32,20
2,69,30
2,65,36
2,74,31
2,93,41
2,65,30
2,89,43
2,66,32
2,63,31
2,77,33
2,85,39
2,54,24
2,101,41
2,66,32
2,79,29
2,58,24
2,64,29
2,34,20
2,63,30
2,17,16
2,53,21
2,66,33
2,119,55
2,97,42
2,67,26
2,80,48
2,62,30
2,101,42
2,108,49
2,93,48
2,92,45
2,113,44
2,166,61
2,132,29
2,63,28
2,148,46
2,18,17
2,136,40
2,86,39
2,77,37
2,45,22
2,113,30
2,62,27
2,68,34
2,109,42
2,77,33
2,70,30
2,51,36
2,127,34
2,60,28
2,65,31
2,123,50
2,69,29
2,63,31
2,88,29
2,65,35
2,76,40
2,70,32
2,86,41
2,35,21
2,65,31
2,96,59
2,66,32
2,69,30
2,26,19
2,65,36
2,74,31
2,93,41
2,65,30
2,88,43
2,63,31
2,77,32
2,85,40
2,100,41
2,57,24
2,67,32
2,79,29
2,53,24
2,64,29
2,31,20
2,65,29
2,17,16
2,52,21
2,65,33
2,120,55
2,98,42
2,63,26
2,124,38
2,80,48
2,62,29
2,108,49
2,93,48
2,92,45
2,114,44
2,166,61
2,131,29
2,62,27
2,148,46
2,17,16
2,202,41
2,86,39
2,42,21
2,114,30
2,62,26
2,69,34
2,108,42
2,77,33
2,70,30
2,49,36
2,127,34
2,60,28
2,66,31
2,119,51
2,69,30
2,63,31
2,90,29
2,64,35
2,76,40
2,71,32
2,86,41
2,36,21
2,64,31
2,96,60
2,66,32
2,70,30
2,29,20
2,65,37
2,74,31
2,93,41
2,66,30
2,88,43
2,63,31
2,77,33
2,85,39
2,57,25
2,100,41
2,66,32
2,79,29
2,60,24
2,64,29
2,36,20
2,64,29
2,53,21
2,65,33
2,121,55
2,98,42
2,66,26
2,123,39
2,80,49
2,63,30
2,108,49
2,93,48
2,90,45
2,113,44
2,166,61
2,63,28
2,123,30
2,149,46
2,18,17
2,201,41
2,87,39
2,37,19
2,113,30
2,62,27
2,68,35
2,109,42
2,77,33
2,70,30
2,47,34
2,112,45
2,128,34
2,61,27
2,66,31
2,121,50
2,71,30
2,46,24
2,63,31
2,89,28
2,65,34
2,76,40
2,72,32
2,86,41
2,36,21
2,97,59
2,66,32
2,70,30
2,27,19
2,65,37
2,73,31
2,93,41
2,65,30
2,89,43
2,63,31
2,78,33
2,85,39
2,58,26
2,99,41
2,66,31
2,80,30
2,55,24
2,64,29
2,38,20
2,64,29
2,17,16
2,54,21
2,120,55
2,65,32
2,17,16
2,97,42
2,65,25
2,124,40
2,80,49
2,62,29
2,108,49
2,93,48
2,113,44
2,165,61
2,132,29
2,62,28
2,149,46
2,19,17
2,201,41
2,86,39
2,114,29
2,62,26
2,69,34
2,109,42
2,76,33
2,69,30
2,24,23
2,154,42
2,128,34
2,60,28
2,65,31
2,120,51
2,71,30
2,63,31
2,88,29
2,65,34
2,77,40
2,71,33
2,86,41
2,36,20
2,95,59
2,66,32
2,70,30
2,27,19
2,65,37
2,74,31
2,93,41
2,65,30
2,89,43
2,63,31
2,77,33
2,85,40
2,59,26
2,66,32
2,79,30
2,54,24
2,64,29
2,33,20
2,64,29
2,54,22
2,120,55
2,97,42
2,66,26
2,124,40
2,80,49
2,62,30
2,109,49
2,94,48
2,113,44
2,166,61
2,134,29
2,63,28
2,149,46
2,18,17
2,202,41
2,86,39
2,99,41
2,113,30
2,62,26
2,68,34
2,109,42
2,76,33
2,69,30
2,154,42
2,128,33
2,60,28
2,65,31
2,120,51
2,72,30
2,63,31
2,89,29
2,65,34
2,76,40
2,71,33
2,86,40
2,96,60
2,34,20
2,66,32
2,70,30
2,25,19
2,65,37
2,138,52
2,73,31
2,93,40
2,64,30
2,89,43
2,63,31
2,77,33
2,85,40
2,59,26
2,66,31
2,79,30
2,55,24
2,65,29
2,35,20
2,64,29
2,54,22
2,120,55
2,97,42
2,65,26
2,125,40
2,80,49
2,62,29
2,108,49
2,94,48
2,113,44
2,166,61
2,130,29
2,62,28
2,149,46
2,202,41
2,87,39
2,99,42
2,113,30
2,62,26
2,69,35
2,77,33
2,109,42
2,70,30
2,154,40
2,125,33
2,61,28
2,66,31
2,122,50
2,71,31
2,64,31
2,87,29
2,65,35
2,76,40
2,72,33
2,35,21
2,97,60
2,66,32
2,71,30
2,27,19
2,66,37
2,139,53
2,73,31
2,65,30
2,88,43
2,64,31
2,78,33
2,85,40
2,60,26
2,66,32
2,79,30
2,52,23
2,64,29
2,37,20
2,63,29
2,54,21
2,121,55
2,97,42
2,65,26
2,125,40
2,80,48
2,61,29
2,108,49
2,94,48
2,17,16
2,114,44
2,166,61
2,126,29
2,63,28
2,148,47
2,18,17
2,201,41
2,87,39
2,100,43
2,114,30
2,61,26
2,69,34
2,109,42
2,77,33
2,70,30
2,111,46
2,126,33
2,60,28
2,65,31
2,121,51
2,72,30
2,52,25
2,65,31
2,89,29
2,65,34
2,76,40
2,71,33
2,97,60
2,34,20
2,65,31
2,70,30
2,29,20
2,65,37
2,140,52
2,73,31
2,64,30
2,89,43
2,64,31
2,77,33
2,85,40
2,59,26
2,67,32
2,80,30
2,44,37
2,49,23
2,65,29
2,35,21
2,64,29
2,17,16
2,55,22
2,120,55
2,97,42
2,65,25
2,124,40
2,80,49
2,62,30
2,114,45
2,109,49
2,94,48
2,113,44
2,162,62
2,131,28
2,63,28
2,149,47
2,201,41
2,88,39
2,100,43
2,113,29
2,62,26
2,68,35
2,78,33
2,109,42
2,70,30
2,114,46
2,126,33
2,61,28
2,66,31
2,120,51
2,71,31
2,52,25
2,65,31
2,87,29
2,65,34
2,76,40
2,72,33
2,36,21
2,96,60
2,66,31
2,33,20
2,68,30
2,66,37
2,141,53
2,74,31
2,65,30
2,88,43
2,49,25
2,63,31
2,77,33
2,86,39
2,60,27
2,66,32
2,82,30
2,109,52
2,48,23
2,65,29
2,34,20
2,64,29
2,56,22
2,121,55
2,98,42
2,124,40
2,80,49
2,62,30
2,115,45
2,109,49
2,93,48
2,113,44
2,162,62
2,62,28
2,149,46
2,80,25
2,201,41
2,87,40
2,102,43
2,113,29
2,62,26
2,69,34
2,109,42
2,77,33
2,71,30
2,157,42
2,61,28
2,66,30
2,120,50
2,71,31
2,65,31
2,87,29
2,66,34
2,77,40
2,73,33
2,36,20
2,96,60
2,65,31
2,33,20
2,68,30
2,66,37
2,141,53
2,73,31
2,64,30
2,89,43
2,64,27
2,63,31
2,77,33
2,86,40
2,60,26
2,68,32
2,81,30
2,111,53
2,46,23
2,65,29
2,34,20
2,63,29
2,54,22
2,121,55
2,97,42
2,125,40
2,80,48
2,63,30
2,116,46
2,109,49
2,94,47
2,113,44
2,163,62
2,62,28
2,150,46
2,17,16
2,202,41
2,86,39
2,100,43
2,113,30
2,62,25
2,69,34
2,109,42
2,77,33
2,70,30
2,112,46
2,61,28
2,65,31
2,120,50
2,72,31
2,54,25
2,64,31
2,70,43
2,89,29
2,65,34
2,76,40
2,72,33
2,36,20
2,97,60
2,65,31
2,32,20
2,69,30
2,65,37
2,140,53
2,73,31
2,65,30
2,89,43
2,66,28
2,64,31
2,77,32
2,85,40
2,59,26
2,67,32
2,81,30
2,111,53
2,46,22
2,64,29
2,33,20
2,62,29
2,17,16
2,55,22
2,120,55
2,97,42
2,125,40
2,79,49
2,63,30
2,117,45
2,107,49
2,94,47
2,113,44
2,162,62
2,61,28
2,149,47
2,19,17
2,201,41
2,87,39
2,100,43
2,113,29
2,59,25
2,69,34
2,76,33
2,108,42
2,69,30
2,112,46
2,61,28
2,66,31
2,120,50
2,71,31
2,54,25
2,65,31
2,71,44
2,89,29
2,65,34
2,76,40
2,72,33
2,36,21
2,96,60
2,64,31
2,70,30
2,30,20
2,66,37
2,140,53
2,74,31
2,65,30
2,89,43
2,67,29
2,63,31
2,41,23
2,77,32
2,85,40
2,59,26
2,67,32
2,81,30
2,112,53
2,45,22
2,64,30
2,34,20
2,62,29
2,17,16
2,54,22
2,120,55
2,97,42
2,125,40
2,80,49
2,63,30
2,117,46
2,94,48
2,112,43
2,161,62
2,142,35
2,62,28
2,151,46
2,18,17
2,201,41
2,87,39
2,101,44
2,112,29
2,68,34
2,77,33
2,108,42
2,70,30
2,112,46
2,61,28
2,65,31
2,119,50
2,73,31
2,54,25
2,66,31
2,73,44
2,89,29
2,63,34
2,77,40
2,72,33
2,38,21
2,97,60
2,64,30
2,32,20
2,70,30
2,65,38
2,140,53
2,74,31
2,64,29
2,89,44
2,66,29
2,62,31
2,45,26
2,77,32
2,86,40
2,61,26
2,67,32
2,81,30
2,112,53
2,64,29
2,34,20
2,62,29
2,54,22
2,120,55
2,97,43
2,125,40
2,79,49
2,64,30
2,117,46
2,94,48
2,161,62
2,141,35
2,62,28
2,150,46
2,18,17
2,201,39
2,87,39
2,101,44
2,112,29
2,69,34
2,76,33
2,109,42
2,69,30
2,113,46
2,61,28
2,65,31
2,73,31
2,55,25
2,64,31
2,73,44
2,89,29
2,65,34
2,77,40
2,72,33
2,35,20
2,97,60
2,63,30
2,70,30
2,30,20
2,66,37
2,141,53
2,74,31
2,64,29
2,89,43
2,67,29
2,62,31
2,58,26
2,77,32
2,86,40
2,61,26
2,67,31
2,81,30
2,112,53
2,65,30
2,34,21
2,63,29
2,17,16
2,54,22
2,120,55
2,97,43
2,95,31
2,125,40
2,81,49
2,64,30
2,117,46
2,93,48
2,161,62
2,143,35
2,62,28
2,151,46
2,18,17
2,201,39
2,87,39
2,101,44
2,112,29
2,69,34
2,76,33
2,109,42
2,69,30
2,113,46
2,61,28
2,66,31
2,70,32
2,73,31
2,55,25
2,63,31
2,73,44
2,91,29
2,65,33
2,77,40
2,72,33
2,31,20
2,97,60
2,69,30
2,24,19
2,66,37
2,140,54
2,74,31
2,62,29
2,90,43
2,67,29
2,62,31
2,60,27
2,76,32
2,85,40
2,61,26
2,67,31
2,81,30
2,112,53
2,64,30
2,35,20
2,63,29
2,17,16
2,53,22
2,120,55
2,97,43
2,97,32
2,125,40
2,81,48
2,64,30
2,117,46
2,93,48
2,162,62
2,148,35
2,62,28
2,151,47
2,17,16
2,200,39
2,87,39
2,101,44
2,74,25
2,68,35
2,77,33
2,110,42
2,68,29
2,36,23
2,112,46
2,61,28
2,67,31
2,74,32
2,73,31
2,54,26
2,63,31
2,73,45
2,91,29
2,64,33
2,76,40
2,71,33
2,33,20
2,96,60
2,69,30
2,27,19
2,66,37
2,140,54
2,74,31
2,89,43
2,67,30
2,62,31
2,62,27
2,85,40
2,61,27
2,66,31
2,80,30
2,112,54
2,63,30
2,34,20
2,62,29
2,17,16
2,56,22
2,122,55
2,97,43
2,101,33
2,125,40
2,80,48
2,63,30
2,118,46
2,93,48
2,160,62
2,143,35
2,62,28
2,34,24
2,151,47
2,17,16
2,201,39
2,87,39
2,101,44
2,69,34
2,76,33
2,109,42
2,69,29
2,114,46
2,61,28
2,66,31
2,76,32
2,72,31
2,52,25
2,64,31
2,73,45
2,87,29
2,76,40
2,73,33
2,36,20
2,96,61
2,69,29
2,27,19
2,66,37
2,140,54
2,74,30
2,90,43
2,100,28
2,68,30
2,63,30
2,62,28
2,85,40
2,61,27
2,66,32
2,113,54
2,81,30
2,63,30
2,37,20
2,61,28
2,53,22
2,122,55
2,97,43
2,101,33
2,125,40
2,80,49
2,63,30
2,118,46
2,93,48
2,162,62
2,149,34
2,62,28
2,38,25
2,151,47
2,18,17
2,201,39
2,87,39
2,102,44
2,70,34
2,78,33
2,110,42
2,69,29
2,112,46
2,61,28
2,65,31
2,76,33
2,72,31
2,52,26
2,63,31
2,73,45
2,89,29
2,77,40
2,72,33
2,32,20
2,96,60
2,114,43
2,67,29
2,27,19
2,66,37
2,144,53
2,74,31
2,89,43
2,100,29
2,68,30
2,62,30
2,63,28
2,86,40
2,61,27
2,66,31
2,82,30
2,113,53
2,64,30
2,36,20
2,17,16
2,54,22
2,122,55
2,106,55
2,97,43
2,98,33
2,124,40
2,80,49
2,65,30
2,118,46
2,94,48
2,161,62
2,143,35
2,61,28
2,39,25
2,151,46
2,19,17
2,200,38
2,87,39
2,102,44
2,68,35
2,76,33
2,110,42
2,66,29
2,153,41
2,61,28
2,67,31
2,76,33
2,72,31
2,63,31
2,74,45
2,89,29
2,76,40
2,72,33
2,33,20
2,97,60
2,115,44
2,27,19
2,66,37
2,142,53
2,72,30
2,89,43
2,104,29
2,68,30
2,62,30
2,63,28
2,86,40
2,61,27
2,66,31
2,80,30
2,114,53
2,64,30
2,35,20
2,54,22
2,122,55
2,109,57
2,96,43
2,99,33
2,125,40
2,80,49
2,64,30
2,118,46
2,93,48
2,161,62
2,144,35
2,61,27
2,41,25
2,151,47
2,19,17
2,200,37
2,87,39
2,102,44
2,147,38
2,70,34
2,76,33
2,109,42
2,49,25
2,153,40
2,61,28
2,66,31
2,76,33
2,70,31
2,61,31
2,73,45
2,88,29
2,76,40
2,72,34
2,33,20
2,95,60
2,116,44
2,27,20
2,66,37
2,141,54
2,73,30
2,89,43
2,105,29
2,68,30
2,62,29
2,63,28
2,86,40
2,61,27
2,66,31
2,80,30
2,114,53
2,65,30
2,34,20
2,17,16
2,56,22
2,122,55
2,111,58
2,96,43
2,97,33
2,124,40
2,80,48
2,65,30
2,117,46
2,93,48
2,161,62
2,143,35
2,41,25
2,151,47
2,19,17
2,86,39
2,102,44
2,149,39
2,69,34
2,75,32
2,110,42
2,52,26
2,153,40
2,61,28
2,66,31
2,76,33
2,71,31
2,61,31
2,74,45
2,89,29
2,76,40
2,138,55
2,72,33
2,33,20
2,95,60
2,117,44
2,30,19
2,66,37
2,141,54
2,73,30
2,89,43
2,106,29
2,68,30
2,63,28
2,86,40
2,61,27
2,66,31
2,80,30
2,114,53
2,65,30
2,30,20
2,54,22
2,122,55
2,111,59
2,97,43
2,99,33
2,125,40
2,80,48
2,65,30
2,118,46
2,93,48
2,161,62
2,144,35
2,64,27
2,43,25
2,151,47
2,17,16
2,87,39
2,102,44
2,149,39
2,69,34
2,76,32
2,109,42
2,59,26
2,155,41
2,62,28
2,66,31
2,76,33
2,71,31
2,62,31
2,73,45
2,90,29
2,76,40
2,139,56
2,71,33
2,30,20
2,94,60
2,117,45
2,30,20
2,65,37
2,141,53
2,89,43
2,105,29
2,68,30
2,63,28
2,85,40
2,61,27
2,65,31
2,79,30
2,114,53
2,64,30
2,55,22
2,121,55
2,112,59
2,96,43
2,99,34
2,124,40
2,80,48
2,64,30
2,118,46
2,94,48
2,161,62
2,147,35
2,65,28
2,40,25
2,152,47
2,17,16
2,87,39
2,102,44
2,150,39
2,69,34
2,76,32
2,108,42
2,61,27
2,155,40
2,62,28
2,65,31
2,77,33
2,71,31
2,80,40
2,61,31
2,74,45
2,86,29
2,76,40
2,141,56
2,71,34
2,27,19
2,95,59
2,117,45
2,25,18
2,65,37
2,141,53
2,89,43
2,106,29
2,68,30
2,63,28
2,85,39
2,61,27
2,65,30
2,80,30
2,114,53
2,64,30
2,54,22
2,121,55
2,112,59
2,96,43
2,100,33
2,124,40
2,81,48
2,64,29
2,118,46
2,94,48
2,160,62
2,147,35
2,67,28
2,42,26
2,152,47
2,19,17
2,87,39
2,101,45
2,150,39
2,69,34
2,109,42
2,75,32
2,61,27
2,112,45
2,62,29
2,66,31
2,76,33
2,72,31
2,81,41
2,52,25
2,61,30
2,74,45
2,88,29
2,75,40
2,140,57
2,72,34
2,96,60
2,27,19
2,116,45
2,19,17
2,67,37
2,141,53
2,89,43
2,108,29
2,67,30
2,65,29
2,86,39
2,60,27
2,80,30
2,115,53
2,63,30
2,55,22
2,120,55
2,113,60
2,97,43
2,101,33
2,124,40
2,81,48
2,63,29
2,118,46
2,94,48
2,160,62
2,148,35
2,67,28
2,42,26
2,152,47
2,19,17
2,87,39
2,59,28
2,101,45
2,151,39
2,68,33
2,109,42
2,61,28
2,112,46
2,61,28
2,66,31
2,76,33
2,72,31
2,81,41
2,52,25
2,61,30
2,74,45
2,89,29
2,75,40
2,141,56
2,73,34
2,96,60
2,20,17
2,116,45
2,17,16
2,66,37
2,141,53
2,89,43
2,106,29
2,67,30
2,65,29
2,86,40
2,62,27
2,79,30
2,115,53
2,64,30
2,18,17
2,54,22
2,120,55
2,113,60
2,96,43
2,101,33
2,124,40
2,80,48
2,119,46
2,94,48
2,161,61
2,146,35
2,66,28
2,41,26
2,152,47
2,17,16
2,87,39
2,61,29
2,101,44
2,152,39
2,69,34
2,109,42
2,61,27
2,158,41
2,62,28
2,64,30
2,77,33
2,81,42
2,70,31
2,61,29
2,74,45
2,87,28
2,76,40
2,140,56
2,71,33
2,94,59
2,117,45
2,20,17
2,66,37
2,140,53
2,88,43
2,106,29
2,67,30
2,65,29
2,86,40
2,61,27
2,79,29
2,114,53
2,65,30
2,17,16
2,52,22
2,120,55
2,113,60
2,97,43
2,100,33
2,125,40
2,81,47
2,119,46
2,93,48
2,160,62
2,145,35
2,67,28
2,42,26
2,152,47
2,87,38
2,62,29
2,102,45
2,151,39
2,69,34
2,109,42
2,61,27
2,153,40
2,62,28
2,66,31
2,77,33
2,82,42
2,71,31
2,74,45
2,88,28
2,76,40
2,139,57
2,72,34
2,95,58
2,116,45
2,65,37
2,139,54
2,89,42
2,106,29
2,68,30
2,65,29
2,85,40
2,60,27
2,114,53
2,63,30
2,17,16
2,53,21
2,122,54
2,113,60
2,96,43
2,102,33
2,124,40
2,79,47
2,118,46
2,93,48
2,159,62
2,51,42
2,148,35
2,65,28
2,41,26
2,151,47
2,87,38
2,61,30
2,102,45
2,58,28
2,152,39
2,69,34
2,109,41
2,61,27
2,113,45
2,61,28
2,65,31
2,76,33
2,81,42
2,71,31
2,51,25
2,74,44
2,87,28
2,75,40
2,141,57
2,72,33
2,94,59
2,117,45
2,66,37
2,139,54
2,88,42
2,63,31
2,105,29
2,67,30
2,63,29
2,86,40
2,61,27
2,115,53
2,67,25
2,64,30
2,53,21
2,121,55
2,113,60
2,56,23
2,96,43
2,101,34
2,124,40
2,79,47
2,117,46
2,93,48
2,52,42
2,151,35
2,67,28
2,41,26
2,152,47
2,87,38
2,63,30
2,102,45
2,62,28
2,151,39
2,69,33
2,109,42
2,60,27
2,155,41
2,61,28
2,66,31
2,58,29
2,77,33
2,81,42
2,70,31
2,74,44
2,85,28
2,76,40
2,141,56
2,72,34
2,94,58
2,117,45
2,57,28
2,66,37
2,140,53
2,89,42
2,64,32
2,106,30
2,67,30
2,64,29
2,85,40
2,61,27
2,114,53
2,69,26
2,63,30
2,53,21
2,122,55
2,112,60
2,59,26
2,95,43
2,101,33
2,125,39
2,117,46
2,93,48
2,52,42
2,146,35
2,66,28
2,41,26
2,152,47
2,62,30
2,102,45
2,62,29
2,151,39
2,69,34
2,108,41
2,61,27
2,112,45
2,61,28
2,64,31
2,64,33
2,77,33
2,81,42
2,71,31
2,50,25
2,74,44
2,87,28
2,75,40
2,141,57
2,72,34
2,94,58
2,117,45
2,59,30
2,66,37
2,138,54
2,88,42
2,66,33
2,105,30
2,69,30
2,63,29
2,85,40
2,61,27
2,114,53
2,70,27
2,63,30
2,51,20
2,122,55
2,113,61
2,60,28
2,95,43
2,101,34
2,124,40
2,118,46
2,94,48
2,52,42
2,144,35
2,67,28
2,43,26
2,152,47
2,63,30
2,101,45
2,63,29
2,152,39
2,69,34
2,108,41
2,61,27
2,111,45
2,61,28
2,66,31
2,64,34
2,77,33
2,82,42
2,71,31
2,52,25
2,74,44
2,61,32
2,76,40
2,142,56
2,72,34
2,95,58
2,117,45
2,61,30
2,64,37
2,139,54
2,66,33
2,105,30
2,68,30
2,65,29
2,84,40
2,62,27
2,115,53
2,71,28
2,37,21
2,63,30
2,33,20
2,122,55
2,114,61
2,61,28
2,95,43
2,101,34
2,125,40
2,118,46
2,92,48
2,52,43
2,148,35
2,67,28
2,43,26
2,153,47
2,18,17
2,63,30
2,102,45
2,62,30
2,153,39
2,69,34
2,61,27
2,153,40
2,61,28
2,66,30
2,64,34
2,76,33
2,82,42
2,71,31
2,74,44
2,63,33
2,76,40
2,141,57
2,72,34
2,93,57
2,117,45
2,63,30
2,66,37
2,138,54
2,17,16
2,66,33
2,106,29
2,68,30
2,65,29
2,84,40
2,61,27
2,116,53
2,63,28
2,69,28
2,63,30
2,120,55
2,114,61
2,60,29
2,41,22
2,95,43
2,103,34
2,124,40
2,118,46
2,93,48
2,52,43
2,145,35
2,68,28
2,40,26
2,152,47
2,62,30
2,102,45
2,62,29
2,152,39
2,69,33
2,61,27
2,112,45
2,62,28
2,65,30
2,65,35
2,77,33
2,82,42
2,71,31
2,51,25
2,74,44
2,64,33
2,76,40
2,140,57
2,72,34
2,93,56
2,118,45
2,65,31
2,65,37
2,139,54
2,67,33
2,105,30
2,68,30
2,65,29
2,85,40
2,62,27
2,115,53
2,66,29
2,70,28
2,64,30
2,119,54
2,114,61
2,61,29
2,49,25
2,96,42
2,101,34
2,123,40
2,118,46
2,92,48
2,52,43
2,149,35
2,67,28
2,43,27
2,152,47
2,64,30
2,102,45
2,62,29
2,152,39
2,69,33
2,62,27
2,111,45
2,62,28
2,66,30
2,65,35
2,76,33
2,82,42
2,70,31
2,52,25
2,74,44
2,65,33
2,75,40
2,140,57
2,73,34
2,93,56
2,118,45
2,65,31
2,65,37
2,138,54
2,17,16
2,17,16
2,67,34
2,105,29
2,68,30
2,65,29
2,85,40
2,62,27
2,115,53
2,67,30
2,71,29
2,64,30
2,119,54
2,112,61
2,64,27
2,61,29
2,94,42
2,101,34
2,124,39
2,117,46
2,93,48
2,52,43
2,148,35
2,67,28
2,43,27
2,153,47
2,63,30
2,102,45
2,63,29
2,152,39
2,69,33
2,60,28
2,112,45
2,62,28
2,64,30
2,65,35
2,76,33
2,82,42
2,71,31
2,52,25
2,74,44
2,65,33
2,75,40
2,141,57
2,72,34
2,94,57
2,118,45
2,65,31
2,65,37
2,138,54
2,31,16
2,68,34
2,104,30
2,67,30
2,65,30
2,84,40
2,62,28
2,115,52
2,67,31
2,71,28
2,63,30
2,119,54
2,112,61
2,65,28
2,61,30
2,101,34
2,124,40
2,117,46
2,93,48
2,52,43
2,148,35
2,67,28
2,43,27
2,153,47
2,63,30
2,102,45
2,63,29
2,152,39
2,69,33
2,62,27
2,111,45
2,62,28
2,65,35
2,76,33
2,82,42
2,70,31
2,51,26
2,74,44
2,65,33
2,75,40
2,141,57
2,72,34
2,93,56
2,118,45
2,63,31
2,65,37
2,138,54
2,17,16
2,68,34
2,99,28
2,67,30
2,66,29
2,84,40
2,61,27
2,115,53
2,68,31
2,71,29
2,63,30
2,113,62
2,65,28
2,62,30
2,102,34
2,124,40
2,118,46
2,93,48
2,52,43
2,151,35
2,67,28
2,41,27
2,152,47
2,64,30
2,101,46
2,63,30
2,152,39
2,68,33
2,60,28
2,153,40
2,60,27
2,65,35
2,76,33
2,81,42
2,71,31
2,74,44
2,65,34
2,75,40
2,142,57
2,71,34
2,93,54
2,118,45
2,65,31
2,66,37
2,136,54
2,17,16
2,68,33
2,105,29
2,67,30
2,64,29
2,84,40
2,62,27
2,115,53
2,68,31
2,71,28
2,63,30
2,113,61
2,66,28
2,62,29
2,102,34
2,125,40
2,117,46
2,91,48
2,51,43
2,152,35
2,67,28
2,44,27
2,152,47
2,63,30
2,102,46
2,61,30
2,152,39
2,69,33
2,61,27
2,155,41
2,61,28
2,65,35
2,75,33
2,82,42
2,71,31
2,74,44
2,65,34
2,75,39
2,142,57
2,72,34
2,65,31
2,116,45
2,65,36
2,137,54
2,17,16
2,68,33
2,108,29
2,67,30
2,66,29
2,84,40
